0   , 1150365, 383    , 381    , 38     , 48     , 10     
1   , 1150415, 383    , 381    , 38     , 48     , 10     
2   , 1150465, 383    , 376    , 38     , 44     , 10     
3   , 1150515, 383    , 376    , 38     , 44     , 10     
4   , 1150565, 383    , 380    , 38     , 50     , 10     
5   , 1150615, 383    , 380    , 38     , 50     , 10     
6   , 1150665, 380    , 378    , 38     , 50     , 10     
7   , 1150715, 380    , 378    , 38     , 50     , 10     
8   , 1150765, 381    , 376    , 38     , 48     , 10     
9   , 1150815, 381    , 376    , 38     , 48     , 10     
10  , 1150865, 385    , 378    , 40     , 50     , 10     
11  , 1150915, 385    , 378    , 40     , 50     , 10     
12  , 1150965, 380    , 380    , 35     , 48     , 10     
13  , 1151015, 380    , 380    , 35     , 48     , 10     
14  , 1151065, 380    , 381    , 35     , 48     , 10     
15  , 1151115, 380    , 381    , 35     , 48     , 10     
16  , 1151165, 375    , 385    , 35     , 45     , 10     
17  , 1151215, 375    , 385    , 35     , 45     , 10     
18  , 1151265, 371    , 386    , 46     , 40     , 10     
19  , 1151315, 371    , 386    , 46     , 40     , 10     
20  , 1151365, 373    , 390    , 51     , 39     , 10     
21  , 1151415, 373    , 390    , 51     , 39     , 10     
22  , 1151465, 370    , 386    , 49     , 34     , 10     
23  , 1151515, 370    , 386    , 49     , 34     , 10     
24  , 1151565, 378    , 385    , 52     , 38     , 10     
25  , 1151615, 378    , 385    , 52     , 38     , 10     
26  , 1151665, 378    , 385    , 44     , 39     , 10     
27  , 1151715, 378    , 385    , 44     , 39     , 10     
28  , 1151765, 376    , 386    , 44     , 39     , 10     
29  , 1151815, 376    , 386    , 44     , 39     , 10     
30  , 1151865, 376    , 386    , 46     , 38     , 10     
31  , 1151915, 376    , 386    , 46     , 38     , 10     
32  , 1151965, 380    , 380    , 46     , 38     , 10     
33  , 1152015, 380    , 380    , 46     , 38     , 10     
34  , 1152065, 380    , 378    , 46     , 38     , 10     
35  , 1152115, 380    , 378    , 46     , 38     , 10     
36  , 1152165, 381    , 378    , 46     , 47     , 10     
37  , 1152215, 381    , 378    , 46     , 47     , 10     
38  , 1152265, 381    , 378    , 41     , 47     , 10     
39  , 1152315, 381    , 378    , 41     , 47     , 10     
40  , 1152365, 385    , 371    , 41     , 47     , 10     
41  , 1152415, 385    , 371    , 41     , 47     , 10     
42  , 1152465, 385    , 376    , 36     , 55     , 10     
43  , 1152515, 385    , 376    , 36     , 55     , 10     
44  , 1152565, 381    , 373    , 36     , 49     , 10     
45  , 1152615, 381    , 373    , 36     , 49     , 10     
46  , 1152665, 390    , 378    , 40     , 53     , 10     
47  , 1152715, 390    , 378    , 40     , 53     , 10     
48  , 1152765, 383    , 371    , 30     , 47     , 10     
49  , 1152815, 383    , 371    , 30     , 47     , 10     
50  , 1152865, 386    , 376    , 38     , 55     , 10     
51  , 1152915, 386    , 376    , 38     , 55     , 10     
52  , 1152965, 381    , 378    , 34     , 50     , 10     
53  , 1153015, 381    , 378    , 34     , 50     , 10     
54  , 1153065, 385    , 380    , 40     , 48     , 10     
55  , 1153115, 385    , 380    , 40     , 48     , 10     
56  , 1153165, 378    , 385    , 35     , 48     , 10     
57  , 1153215, 378    , 385    , 35     , 48     , 10     
58  , 1153265, 375    , 386    , 43     , 40     , 10     
59  , 1153315, 375    , 386    , 43     , 40     , 10     
60  , 1153365, 371    , 386    , 46     , 39     , 10     
61  , 1153415, 371    , 386    , 46     , 39     , 10     
62  , 1153465, 375    , 386    , 51     , 39     , 10     
63  , 1153515, 375    , 386    , 51     , 39     , 10     
64  , 1153565, 380    , 380    , 47     , 38     , 10     
65  , 1153615, 380    , 380    , 47     , 38     , 10     
66  , 1153665, 381    , 373    , 47     , 38     , 10     
67  , 1153715, 381    , 373    , 47     , 38     , 10     
68  , 1153765, 390    , 373    , 40     , 53     , 10     
69  , 1153815, 390    , 373    , 40     , 53     , 10     
70  , 1153865, 386    , 371    , 30     , 53     , 10     
71  , 1153915, 386    , 371    , 30     , 53     , 10     
72  , 1153965, 388    , 376    , 34     , 55     , 10     
73  , 1154015, 388    , 376    , 34     , 55     , 10     
74  , 1154065, 385    , 376    , 32     , 50     , 10     
75  , 1154115, 385    , 376    , 32     , 50     , 10     
76  , 1154165, 385    , 380    , 35     , 50     , 10     
77  , 1154215, 385    , 380    , 35     , 50     , 10     
78  , 1154265, 378    , 383    , 35     , 50     , 10     
79  , 1154315, 378    , 383    , 35     , 50     , 10     
80  , 1154365, 383    , 385    , 43     , 42     , 10     
81  , 1154415, 383    , 385    , 43     , 42     , 10     
82  , 1154465, 380    , 385    , 37     , 40     , 10     
83  , 1154515, 380    , 385    , 37     , 40     , 10     
84  , 1154565, 378    , 385    , 37     , 40     , 10     
85  , 1154615, 378    , 385    , 37     , 40     , 10     
86  , 1154665, 378    , 381    , 43     , 40     , 10     
87  , 1154715, 378    , 381    , 43     , 40     , 10     
88  , 1154765, 376    , 381    , 43     , 44     , 10     
89  , 1154815, 376    , 381    , 43     , 44     , 10     
90  , 1154865, 380    , 380    , 45     , 44     , 10     
91  , 1154915, 380    , 380    , 45     , 44     , 10     
92  , 1154965, 381    , 381    , 45     , 44     , 10     
93  , 1155015, 381    , 381    , 45     , 44     , 10     
94  , 1155065, 380    , 380    , 40     , 44     , 10     
95  , 1155115, 380    , 380    , 40     , 44     , 10     
96  , 1155165, 381    , 378    , 40     , 44     , 10     
97  , 1155215, 381    , 378    , 40     , 44     , 10     
98  , 1155265, 383    , 380    , 39     , 47     , 10     
99  , 1155315, 383    , 380    , 39     , 47     , 10     
100 , 1155365, 383    , 381    , 37     , 47     , 10     
101 , 1155415, 383    , 381    , 37     , 47     , 10     
102 , 1155465, 381    , 378    , 37     , 44     , 10     
103 , 1155515, 381    , 378    , 37     , 44     , 10     
104 , 1155565, 380    , 380    , 39     , 47     , 10     
105 , 1155615, 380    , 380    , 39     , 47     , 10     
106 , 1155665, 381    , 381    , 39     , 47     , 10     
107 , 1155715, 381    , 381    , 39     , 47     , 10     
108 , 1155765, 380    , 380    , 39     , 44     , 10     
109 , 1155815, 380    , 380    , 39     , 44     , 10     
110 , 1155865, 380    , 383    , 39     , 44     , 10     
111 , 1155915, 380    , 383    , 39     , 44     , 10     
112 , 1155965, 376    , 381    , 39     , 42     , 10     
113 , 1156015, 376    , 381    , 39     , 42     , 10     
114 , 1156065, 378    , 383    , 45     , 44     , 10     
115 , 1156115, 378    , 383    , 45     , 44     , 10     
116 , 1156165, 380    , 380    , 43     , 42     , 10     
117 , 1156215, 380    , 380    , 43     , 42     , 10     
118 , 1156265, 380    , 381    , 43     , 42     , 10     
119 , 1156315, 380    , 381    , 43     , 42     , 10     
120 , 1156365, 385    , 376    , 43     , 44     , 10     
121 , 1156415, 385    , 376    , 43     , 44     , 10     
122 , 1156465, 383    , 376    , 35     , 50     , 10     
123 , 1156515, 383    , 376    , 35     , 50     , 10     
124 , 1156565, 386    , 375    , 37     , 50     , 10     
125 , 1156615, 386    , 375    , 37     , 50     , 10     
126 , 1156665, 390    , 375    , 34     , 51     , 10     
127 , 1156715, 390    , 375    , 34     , 51     , 10     
128 , 1156765, 383    , 375    , 29     , 51     , 10     
129 , 1156815, 383    , 375    , 29     , 51     , 10     
130 , 1156865, 380    , 376    , 37     , 51     , 10     
131 , 1156915, 380    , 376    , 37     , 51     , 10     
132 , 1156965, 373    , 385    , 37     , 50     , 10     
133 , 1157015, 373    , 385    , 37     , 50     , 10     
134 , 1157065, 371    , 388    , 48     , 40     , 10     
135 , 1157115, 371    , 388    , 48     , 40     , 10     
136 , 1157165, 373    , 390    , 50     , 37     , 10     
137 , 1157215, 373    , 390    , 50     , 37     , 10     
138 , 1157265, 375    , 385    , 48     , 34     , 10     
139 , 1157315, 375    , 385    , 48     , 34     , 10     
140 , 1157365, 378    , 383    , 46     , 40     , 10     
141 , 1157415, 378    , 383    , 46     , 40     , 10     
142 , 1157465, 386    , 376    , 43     , 42     , 10     
143 , 1157515, 386    , 376    , 43     , 42     , 10     
144 , 1157565, 383    , 381    , 34     , 49     , 10     
145 , 1157615, 383    , 381    , 34     , 49     , 10     
146 , 1157665, 378    , 380    , 37     , 44     , 10     
147 , 1157715, 378    , 380    , 37     , 44     , 10     
148 , 1157765, 378    , 383    , 43     , 44     , 10     
149 , 1157815, 378    , 383    , 43     , 44     , 10     
150 , 1157865, 373    , 386    , 43     , 42     , 10     
151 , 1157915, 373    , 386    , 43     , 42     , 10     
152 , 1157965, 375    , 385    , 48     , 38     , 10     
153 , 1158015, 375    , 385    , 48     , 38     , 10     
154 , 1158065, 383    , 381    , 46     , 39     , 10     
155 , 1158115, 383    , 381    , 46     , 39     , 10     
156 , 1158165, 380    , 380    , 37     , 44     , 10     
157 , 1158215, 380    , 380    , 37     , 44     , 10     
158 , 1158265, 383    , 373    , 37     , 44     , 10     
159 , 1158315, 383    , 373    , 37     , 44     , 10     
160 , 1158365, 383    , 378    , 37     , 53     , 10     
161 , 1158415, 383    , 378    , 37     , 53     , 10     
162 , 1158465, 383    , 378    , 37     , 47     , 10     
163 , 1158515, 383    , 378    , 37     , 47     , 10     
164 , 1158565, 380    , 378    , 37     , 47     , 10     
165 , 1158615, 380    , 378    , 37     , 47     , 10     
166 , 1158665, 383    , 380    , 37     , 47     , 10     
167 , 1158715, 383    , 380    , 37     , 47     , 10     
168 , 1158765, 376    , 378    , 37     , 47     , 10     
169 , 1158815, 376    , 378    , 37     , 47     , 10     
170 , 1158865, 380    , 381    , 45     , 47     , 10     
171 , 1158915, 380    , 381    , 45     , 47     , 10     
172 , 1158965, 381    , 385    , 45     , 44     , 10     
173 , 1159015, 381    , 385    , 45     , 44     , 10     
174 , 1159065, 381    , 378    , 39     , 39     , 10     
175 , 1159115, 381    , 378    , 39     , 39     , 10     
176 , 1159165, 380    , 378    , 39     , 47     , 10     
177 , 1159215, 380    , 378    , 39     , 47     , 10     
178 , 1159265, 380    , 381    , 39     , 47     , 10     
179 , 1159315, 380    , 381    , 39     , 47     , 10     
180 , 1159365, 381    , 381    , 39     , 44     , 10     
181 , 1159415, 381    , 381    , 39     , 44     , 10     
182 , 1159465, 383    , 380    , 39     , 44     , 10     
183 , 1159515, 383    , 380    , 39     , 44     , 10     
184 , 1159565, 378    , 383    , 37     , 44     , 10     
185 , 1159615, 378    , 383    , 37     , 44     , 10     
186 , 1159665, 380    , 380    , 43     , 42     , 10     
187 , 1159715, 380    , 380    , 43     , 42     , 10     
188 , 1159765, 380    , 380    , 43     , 42     , 10     
189 , 1159815, 380    , 380    , 43     , 42     , 10     
190 , 1159865, 380    , 380    , 43     , 42     , 10     
191 , 1159915, 380    , 380    , 43     , 42     , 10     
192 , 1159965, 383    , 378    , 43     , 42     , 10     
193 , 1160015, 383    , 378    , 43     , 42     , 10     
194 , 1160065, 381    , 381    , 37     , 47     , 10     
195 , 1160115, 381    , 381    , 37     , 47     , 10     
196 , 1160165, 383    , 376    , 39     , 44     , 10     
197 , 1160215, 383    , 376    , 39     , 44     , 10     
198 , 1160265, 381    , 380    , 37     , 49     , 10     
199 , 1160315, 381    , 380    , 37     , 49     , 10     
200 , 1160365, 380    , 380    , 39     , 49     , 10     
201 , 1160415, 380    , 380    , 39     , 49     , 10     
202 , 1160465, 383    , 378    , 39     , 49     , 10     
203 , 1160515, 383    , 378    , 39     , 49     , 10     
204 , 1160565, 376    , 381    , 37     , 47     , 10     
205 , 1160615, 376    , 381    , 37     , 47     , 10     
206 , 1160665, 380    , 381    , 45     , 44     , 10     
207 , 1160715, 380    , 381    , 45     , 44     , 10     
208 , 1160765, 381    , 383    , 45     , 44     , 10     
209 , 1160815, 381    , 383    , 45     , 44     , 10     
210 , 1160865, 381    , 385    , 39     , 42     , 10     
211 , 1160915, 381    , 385    , 39     , 42     , 10     
212 , 1160965, 380    , 381    , 39     , 39     , 10     
213 , 1161015, 380    , 381    , 39     , 39     , 10     
214 , 1161065, 380    , 380    , 39     , 44     , 10     
215 , 1161115, 380    , 380    , 39     , 44     , 10     
216 , 1161165, 381    , 383    , 39     , 44     , 10     
217 , 1161215, 381    , 383    , 39     , 44     , 10     
218 , 1161265, 385    , 380    , 39     , 41     , 10     
219 , 1161315, 385    , 380    , 39     , 41     , 10     
220 , 1161365, 380    , 381    , 35     , 41     , 10     
221 , 1161415, 380    , 381    , 35     , 41     , 10     
222 , 1161465, 376    , 380    , 35     , 44     , 10     
223 , 1161515, 376    , 380    , 35     , 44     , 10     
224 , 1161565, 380    , 376    , 45     , 44     , 10     
225 , 1161615, 380    , 376    , 45     , 44     , 10     
226 , 1161665, 380    , 381    , 45     , 49     , 10     
227 , 1161715, 380    , 381    , 45     , 49     , 10     
228 , 1161765, 381    , 375    , 45     , 44     , 10     
229 , 1161815, 381    , 375    , 45     , 44     , 10     
230 , 1161865, 380    , 380    , 39     , 50     , 10     
231 , 1161915, 380    , 380    , 39     , 50     , 10     
232 , 1161965, 381    , 380    , 39     , 50     , 10     
233 , 1162015, 381    , 380    , 39     , 50     , 10     
234 , 1162065, 383    , 381    , 39     , 50     , 10     
235 , 1162115, 383    , 381    , 39     , 50     , 10     
236 , 1162165, 380    , 383    , 37     , 44     , 10     
237 , 1162215, 380    , 383    , 37     , 44     , 10     
238 , 1162265, 383    , 385    , 37     , 41     , 10     
239 , 1162315, 383    , 385    , 37     , 41     , 10     
240 , 1162365, 380    , 381    , 37     , 39     , 10     
241 , 1162415, 380    , 381    , 37     , 39     , 10     
242 , 1162465, 380    , 381    , 37     , 44     , 10     
243 , 1162515, 380    , 381    , 37     , 44     , 10     
244 , 1162565, 378    , 383    , 37     , 44     , 10     
245 , 1162615, 378    , 383    , 37     , 44     , 10     
246 , 1162665, 378    , 380    , 42     , 41     , 10     
247 , 1162715, 378    , 380    , 42     , 41     , 10     
248 , 1162765, 380    , 380    , 42     , 41     , 10     
249 , 1162815, 380    , 380    , 42     , 41     , 10     
250 , 1162865, 376    , 380    , 42     , 41     , 10     
251 , 1162915, 376    , 380    , 42     , 41     , 10     
252 , 1162965, 380    , 376    , 45     , 41     , 10     
253 , 1163015, 380    , 376    , 45     , 41     , 10     
254 , 1163065, 383    , 378    , 45     , 49     , 10     
255 , 1163115, 383    , 378    , 45     , 49     , 10     
256 , 1163165, 381    , 376    , 37     , 47     , 10     
257 , 1163215, 381    , 376    , 37     , 47     , 10     
258 , 1163265, 380    , 378    , 39     , 49     , 10     
259 , 1163315, 380    , 378    , 39     , 49     , 10     
260 , 1163365, 385    , 378    , 39     , 47     , 10     
261 , 1163415, 385    , 378    , 39     , 47     , 10     
262 , 1163465, 381    , 378    , 34     , 47     , 10     
263 , 1163515, 381    , 378    , 34     , 47     , 10     
264 , 1163565, 381    , 378    , 39     , 47     , 10     
265 , 1163615, 381    , 378    , 39     , 47     , 10     
266 , 1163665, 380    , 383    , 39     , 47     , 10     
267 , 1163715, 380    , 383    , 39     , 47     , 10     
268 , 1163765, 380    , 380    , 39     , 42     , 10     
269 , 1163815, 380    , 380    , 39     , 42     , 10     
270 , 1163865, 380    , 385    , 39     , 42     , 10     
271 , 1163915, 380    , 385    , 39     , 42     , 10     
272 , 1163965, 383    , 380    , 39     , 39     , 10     
273 , 1164015, 383    , 380    , 39     , 39     , 10     
274 , 1164065, 376    , 378    , 37     , 39     , 10     
275 , 1164115, 376    , 378    , 37     , 39     , 10     
276 , 1164165, 376    , 380    , 44     , 47     , 10     
277 , 1164215, 376    , 380    , 44     , 47     , 10     
278 , 1164265, 381    , 376    , 44     , 47     , 10     
279 , 1164315, 381    , 376    , 44     , 47     , 10     
280 , 1164365, 380    , 381    , 39     , 49     , 10     
281 , 1164415, 380    , 381    , 39     , 49     , 10     
282 , 1164465, 378    , 376    , 39     , 44     , 10     
283 , 1164515, 378    , 376    , 39     , 44     , 10     
284 , 1164565, 381    , 378    , 42     , 49     , 10     
285 , 1164615, 381    , 378    , 42     , 49     , 10     
286 , 1164665, 381    , 380    , 39     , 47     , 10     
287 , 1164715, 381    , 380    , 39     , 47     , 10     
288 , 1164765, 376    , 383    , 39     , 47     , 10     
289 , 1164815, 376    , 383    , 39     , 47     , 10     
290 , 1164865, 381    , 381    , 45     , 42     , 10     
291 , 1164915, 381    , 381    , 45     , 42     , 10     
292 , 1164965, 383    , 380    , 39     , 44     , 10     
293 , 1165015, 383    , 380    , 39     , 44     , 10     
294 , 1165065, 376    , 380    , 37     , 44     , 10     
295 , 1165115, 376    , 380    , 37     , 44     , 10     
296 , 1165165, 381    , 383    , 45     , 44     , 10     
297 , 1165215, 381    , 383    , 45     , 44     , 10     
298 , 1165265, 383    , 380    , 39     , 42     , 10     
299 , 1165315, 383    , 380    , 39     , 42     , 10     
300 , 1165365, 380    , 378    , 37     , 42     , 10     
301 , 1165415, 380    , 378    , 37     , 42     , 10     
302 , 1165465, 381    , 381    , 37     , 47     , 10     
303 , 1165515, 381    , 381    , 37     , 47     , 10     
304 , 1165565, 378    , 380    , 39     , 44     , 10     
305 , 1165615, 378    , 380    , 39     , 44     , 10     
306 , 1165665, 381    , 378    , 42     , 44     , 10     
307 , 1165715, 381    , 378    , 42     , 44     , 10     
308 , 1165765, 378    , 380    , 39     , 47     , 10     
309 , 1165815, 378    , 380    , 39     , 47     , 10     
310 , 1165865, 381    , 378    , 42     , 47     , 10     
311 , 1165915, 381    , 378    , 42     , 47     , 10     
312 , 1165965, 380    , 380    , 39     , 47     , 10     
313 , 1166015, 380    , 380    , 39     , 47     , 10     
314 , 1166065, 376    , 381    , 39     , 47     , 10     
315 , 1166115, 376    , 381    , 39     , 47     , 10     
316 , 1166165, 383    , 380    , 45     , 44     , 10     
317 , 1166215, 383    , 380    , 45     , 44     , 10     
318 , 1166265, 380    , 383    , 37     , 44     , 10     
319 , 1166315, 380    , 383    , 37     , 44     , 10     
320 , 1166365, 378    , 380    , 37     , 42     , 10     
321 , 1166415, 378    , 380    , 37     , 42     , 10     
322 , 1166465, 380    , 381    , 42     , 42     , 10     
323 , 1166515, 380    , 381    , 42     , 42     , 10     
324 , 1166565, 380    , 381    , 42     , 44     , 10     
325 , 1166615, 380    , 381    , 42     , 44     , 10     
326 , 1166665, 380    , 381    , 42     , 44     , 10     
327 , 1166715, 380    , 381    , 42     , 44     , 10     
328 , 1166765, 381    , 378    , 42     , 44     , 10     
329 , 1166815, 381    , 378    , 42     , 44     , 10     
330 , 1166865, 380    , 380    , 39     , 47     , 10     
331 , 1166915, 380    , 380    , 39     , 47     , 10     
332 , 1166965, 381    , 378    , 39     , 47     , 10     
333 , 1167015, 381    , 378    , 39     , 47     , 10     
334 , 1167065, 383    , 381    , 39     , 47     , 10     
335 , 1167115, 383    , 381    , 39     , 47     , 10     
336 , 1167165, 380    , 381    , 37     , 44     , 10     
337 , 1167215, 380    , 381    , 37     , 44     , 10     
338 , 1167265, 306    , 310    , 37     , 44     , 10     
339 , 1167315, 306    , 310    , 37     , 44     , 10     
340 , 1167365, 301    , 300    , 120    , 120    , 10     
341 , 1167415, 301    , 300    , 120    , 120    , 10     
342 , 1167465, 305    , 311    , 120    , 120    , 10     
343 , 1167515, 305    , 311    , 120    , 120    , 10     
344 , 1167565, 333    , 331    , 117    , 109    , 10     
345 , 1167615, 333    , 331    , 117    , 109    , 10     
346 , 1167665, 360    , 355    , 87     , 88     , 10     
347 , 1167715, 360    , 355    , 87     , 88     , 10     
348 , 1167765, 383    , 378    , 58     , 62     , 10     
349 , 1167815, 383    , 378    , 58     , 62     , 10     
350 , 1167865, 396    , 393    , 32     , 37     , 10     
351 , 1167915, 396    , 393    , 32     , 37     , 10     
352 , 1167965, 401    , 396    , 18     , 20     , 10     
353 , 1168015, 401    , 396    , 18     , 20     , 10     
354 , 1168065, 398    , 391    , 12     , 17     , 10     
355 , 1168115, 398    , 391    , 12     , 17     , 10     
356 , 1168165, 396    , 390    , 15     , 22     , 10     
357 , 1168215, 396    , 390    , 15     , 22     , 10     
358 , 1168265, 378    , 385    , 17     , 23     , 10     
359 , 1168315, 378    , 385    , 17     , 23     , 10     
360 , 1168365, 305    , 320    , 36     , 28     , 10     
361 , 1168415, 305    , 320    , 36     , 28     , 10     
362 , 1168465, 275    , 283    , 118    , 101    , 10     
363 , 1168515, 275    , 283    , 118    , 101    , 10     
364 , 1168565, 285    , 288    , 120    , 120    , 10     
365 , 1168615, 285    , 288    , 120    , 120    , 10     
366 , 1168665, 313    , 305    , 111    , 116    , 10     
367 , 1168715, 313    , 305    , 111    , 116    , 10     
368 , 1168765, 340    , 333    , 81     , 99     , 10     
369 , 1168815, 340    , 333    , 81     , 99     , 10     
370 , 1168865, 363    , 356    , 53     , 69     , 10     
371 , 1168915, 363    , 356    , 53     , 69     , 10     
372 , 1168965, 378    , 375    , 28     , 45     , 10     
373 , 1169015, 378    , 375    , 28     , 45     , 10     
374 , 1169065, 380    , 381    , 11     , 24     , 10     
375 , 1169115, 380    , 381    , 11     , 24     , 10     
376 , 1169165, 378    , 376    , 11     , 17     , 10     
377 , 1169215, 378    , 376    , 11     , 17     , 10     
378 , 1169265, 373    , 376    , 11     , 23     , 10     
379 , 1169315, 373    , 376    , 11     , 23     , 10     
380 , 1169365, 353    , 373    , 17     , 23     , 10     
381 , 1169415, 353    , 373    , 17     , 23     , 10     
382 , 1169465, 340    , 363    , 40     , 26     , 10     
383 , 1169515, 340    , 363    , 40     , 26     , 10     
384 , 1169565, 335    , 358    , 55     , 38     , 10     
385 , 1169615, 335    , 358    , 55     , 38     , 10     
386 , 1169665, 340    , 351    , 61     , 44     , 10     
387 , 1169715, 340    , 351    , 61     , 44     , 10     
388 , 1169765, 340    , 350    , 57     , 52     , 10     
389 , 1169815, 340    , 350    , 57     , 52     , 10     
390 , 1169865, 351    , 353    , 58     , 54     , 10     
391 , 1169915, 351    , 353    , 58     , 54     , 10     
392 , 1169965, 360    , 351    , 46     , 51     , 10     
393 , 1170015, 360    , 351    , 46     , 51     , 10     
394 , 1170065, 361    , 358    , 37     , 54     , 10     
395 , 1170115, 361    , 358    , 37     , 54     , 10     
396 , 1170165, 365    , 360    , 36     , 47     , 10     
397 , 1170215, 365    , 360    , 36     , 47     , 10     
398 , 1170265, 368    , 363    , 32     , 45     , 10     
399 , 1170315, 368    , 363    , 32     , 45     , 10     
400 , 1170365, 361    , 363    , 29     , 42     , 10     
401 , 1170415, 361    , 363    , 29     , 42     , 10     
402 , 1170465, 363    , 366    , 37     , 43     , 10     
403 , 1170515, 363    , 366    , 37     , 43     , 10     
404 , 1170565, 363    , 366    , 35     , 40     , 10     
405 , 1170615, 363    , 366    , 35     , 40     , 10     
406 , 1170665, 360    , 363    , 36     , 40     , 10     
407 , 1170715, 360    , 363    , 36     , 40     , 10     
408 , 1170765, 360    , 363    , 40     , 44     , 10     
409 , 1170815, 360    , 363    , 40     , 44     , 10     
410 , 1170865, 363    , 368    , 40     , 44     , 10     
411 , 1170915, 363    , 368    , 40     , 44     , 10     
412 , 1170965, 361    , 365    , 37     , 39     , 10     
413 , 1171015, 361    , 365    , 37     , 39     , 10     
414 , 1171065, 360    , 361    , 40     , 43     , 10     
415 , 1171115, 360    , 361    , 40     , 43     , 10     
416 , 1171165, 365    , 365    , 41     , 47     , 10     
417 , 1171215, 365    , 365    , 41     , 47     , 10     
418 , 1171265, 360    , 368    , 36     , 43     , 10     
419 , 1171315, 360    , 368    , 36     , 43     , 10     
420 , 1171365, 366    , 366    , 42     , 40     , 10     
421 , 1171415, 366    , 366    , 42     , 40     , 10     
422 , 1171465, 360    , 365    , 36     , 43     , 10     
423 , 1171515, 360    , 365    , 36     , 43     , 10     
424 , 1171565, 363    , 366    , 43     , 44     , 10     
425 , 1171615, 363    , 366    , 43     , 44     , 10     
426 , 1171665, 350    , 366    , 40     , 43     , 10     
427 , 1171715, 350    , 366    , 40     , 43     , 10     
428 , 1171765, 311    , 323    , 55     , 44     , 10     
429 , 1171815, 311    , 323    , 55     , 44     , 10     
430 , 1171865, 255    , 265    , 99     , 92     , 10     
431 , 1171915, 255    , 265    , 99     , 92     , 10     
432 , 1171965, 268    , 271    , 120    , 120    , 10     
433 , 1172015, 268    , 271    , 120    , 120    , 10     
434 , 1172065, 300    , 296    , 108    , 115    , 10     
435 , 1172115, 300    , 296    , 108    , 115    , 10     
436 , 1172165, 333    , 325    , 74     , 90     , 10     
437 , 1172215, 333    , 325    , 74     , 90     , 10     
438 , 1172265, 351    , 350    , 39     , 59     , 10     
439 , 1172315, 351    , 350    , 39     , 59     , 10     
440 , 1172365, 363    , 368    , 20     , 32     , 10     
441 , 1172415, 363    , 368    , 20     , 32     , 10     
442 , 1172465, 363    , 371    , 7      , 13     , 10     
443 , 1172515, 363    , 371    , 7      , 13     , 10     
444 , 1172565, 333    , 338    , 8      , 10     , 10     
445 , 1172615, 333    , 338    , 8      , 10     , 10     
446 , 1172665, 266    , 276    , 42     , 47     , 10     
447 , 1172715, 266    , 276    , 42     , 47     , 10     
448 , 1172765, 268    , 270    , 118    , 118    , 10     
449 , 1172815, 268    , 270    , 118    , 118    , 10     
450 , 1172865, 268    , 278    , 118    , 120    , 10     
451 , 1172915, 268    , 278    , 118    , 120    , 10     
452 , 1172965, 296    , 306    , 120    , 113    , 10     
453 , 1173015, 296    , 306    , 120    , 113    , 10     
454 , 1173065, 325    , 331    , 91     , 84     , 10     
455 , 1173115, 325    , 331    , 91     , 84     , 10     
456 , 1173165, 350    , 355    , 60     , 58     , 10     
457 , 1173215, 350    , 355    , 60     , 58     , 10     
458 , 1173265, 368    , 370    , 33     , 32     , 10     
459 , 1173315, 368    , 370    , 33     , 32     , 10     
460 , 1173365, 376    , 371    , 14     , 15     , 10     
461 , 1173415, 376    , 371    , 14     , 15     , 10     
462 , 1173465, 373    , 370    , 5      , 15     , 10     
463 , 1173515, 373    , 370    , 5      , 15     , 10     
464 , 1173565, 370    , 365    , 8      , 16     , 10     
465 , 1173615, 370    , 365    , 8      , 16     , 10     
466 , 1173665, 350    , 361    , 12     , 22     , 10     
467 , 1173715, 350    , 361    , 12     , 22     , 10     
468 , 1173765, 328    , 341    , 35     , 27     , 10     
469 , 1173815, 328    , 341    , 35     , 27     , 10     
470 , 1173865, 328    , 331    , 60     , 49     , 10     
471 , 1173915, 328    , 331    , 60     , 49     , 10     
472 , 1173965, 333    , 328    , 61     , 62     , 10     
473 , 1174015, 333    , 328    , 61     , 62     , 10     
474 , 1174065, 335    , 330    , 57     , 66     , 10     
475 , 1174115, 335    , 330    , 57     , 66     , 10     
476 , 1174165, 348    , 338    , 56     , 65     , 10     
477 , 1174215, 348    , 338    , 56     , 65     , 10     
478 , 1174265, 351    , 351    , 42     , 57     , 10     
479 , 1174315, 351    , 351    , 42     , 57     , 10     
480 , 1174365, 356    , 356    , 39     , 44     , 10     
481 , 1174415, 356    , 356    , 39     , 44     , 10     
482 , 1174465, 358    , 358    , 34     , 39     , 10     
483 , 1174515, 358    , 358    , 34     , 39     , 10     
484 , 1174565, 360    , 361    , 33     , 37     , 10     
485 , 1174615, 360    , 361    , 33     , 37     , 10     
486 , 1174665, 355    , 358    , 31     , 34     , 10     
487 , 1174715, 355    , 358    , 31     , 34     , 10     
488 , 1174765, 358    , 356    , 37     , 38     , 10     
489 , 1174815, 358    , 356    , 37     , 38     , 10     
490 , 1174865, 355    , 358    , 34     , 41     , 10     
491 , 1174915, 355    , 358    , 34     , 41     , 10     
492 , 1174965, 351    , 355    , 38     , 39     , 10     
493 , 1175015, 351    , 355    , 38     , 39     , 10     
494 , 1175065, 356    , 355    , 43     , 43     , 10     
495 , 1175115, 356    , 355    , 43     , 43     , 10     
496 , 1175165, 356    , 355    , 38     , 43     , 10     
497 , 1175215, 356    , 355    , 38     , 43     , 10     
498 , 1175265, 355    , 355    , 39     , 44     , 10     
499 , 1175315, 355    , 355    , 39     , 44     , 10     
500 , 1175365, 358    , 355    , 41     , 45     , 10     
501 , 1175415, 358    , 355    , 41     , 45     , 10     
502 , 1175465, 355    , 360    , 38     , 45     , 10     
503 , 1175515, 355    , 360    , 38     , 45     , 10     
504 , 1175565, 358    , 356    , 42     , 40     , 10     
505 , 1175615, 358    , 356    , 42     , 40     , 10     
506 , 1175665, 361    , 356    , 39     , 45     , 10     
507 , 1175715, 361    , 356    , 39     , 45     , 10     
508 , 1175765, 360    , 361    , 36     , 46     , 10     
509 , 1175815, 360    , 361    , 36     , 46     , 10     
510 , 1175865, 360    , 358    , 38     , 41     , 10     
511 , 1175915, 360    , 358    , 38     , 41     , 10     
512 , 1175965, 361    , 360    , 38     , 44     , 10     
513 , 1176015, 361    , 360    , 38     , 44     , 10     
514 , 1176065, 360    , 363    , 37     , 43     , 10     
515 , 1176115, 360    , 363    , 37     , 43     , 10     
516 , 1176165, 360    , 361    , 39     , 40     , 10     
517 , 1176215, 360    , 361    , 39     , 40     , 10     
518 , 1176265, 363    , 358    , 39     , 42     , 10     
519 , 1176315, 363    , 358    , 39     , 42     , 10     
520 , 1176365, 361    , 360    , 36     , 46     , 10     
521 , 1176415, 361    , 360    , 36     , 46     , 10     
522 , 1176465, 358    , 363    , 39     , 44     , 10     
523 , 1176515, 358    , 363    , 39     , 44     , 10     
524 , 1176565, 363    , 363    , 43     , 41     , 10     
525 , 1176615, 363    , 363    , 43     , 41     , 10     
526 , 1176665, 363    , 361    , 38     , 42     , 10     
527 , 1176715, 363    , 361    , 38     , 42     , 10     
528 , 1176765, 361    , 361    , 38     , 45     , 10     
529 , 1176815, 361    , 361    , 38     , 45     , 10     
530 , 1176865, 366    , 363    , 41     , 45     , 10     
531 , 1176915, 366    , 363    , 41     , 45     , 10     
532 , 1176965, 361    , 361    , 36     , 43     , 10     
533 , 1177015, 361    , 361    , 36     , 43     , 10     
534 , 1177065, 365    , 366    , 42     , 46     , 10     
535 , 1177115, 365    , 366    , 42     , 46     , 10     
536 , 1177165, 365    , 361    , 38     , 41     , 10     
537 , 1177215, 365    , 361    , 38     , 41     , 10     
538 , 1177265, 366    , 368    , 38     , 47     , 10     
539 , 1177315, 366    , 368    , 38     , 47     , 10     
540 , 1177365, 365    , 363    , 37     , 39     , 10     
541 , 1177415, 365    , 363    , 37     , 39     , 10     
542 , 1177465, 363    , 365    , 39     , 45     , 10     
543 , 1177515, 363    , 365    , 39     , 45     , 10     
544 , 1177565, 366    , 366    , 41     , 43     , 10     
545 , 1177615, 366    , 366    , 41     , 43     , 10     
546 , 1177665, 366    , 363    , 38     , 42     , 10     
547 , 1177715, 366    , 363    , 38     , 42     , 10     
548 , 1177765, 366    , 368    , 38     , 46     , 10     
549 , 1177815, 366    , 368    , 38     , 46     , 10     
550 , 1177865, 363    , 365    , 39     , 41     , 10     
551 , 1177915, 363    , 365    , 39     , 41     , 10     
552 , 1177965, 368    , 365    , 42     , 44     , 10     
553 , 1178015, 368    , 365    , 42     , 44     , 10     
554 , 1178065, 366    , 365    , 37     , 45     , 10     
555 , 1178115, 366    , 365    , 37     , 45     , 10     
556 , 1178165, 368    , 366    , 40     , 45     , 10     
557 , 1178215, 368    , 366    , 40     , 45     , 10     
558 , 1178265, 365    , 370    , 38     , 44     , 10     
559 , 1178315, 365    , 370    , 38     , 44     , 10     
560 , 1178365, 368    , 365    , 42     , 40     , 10     
561 , 1178415, 368    , 365    , 42     , 40     , 10     
562 , 1178465, 336    , 340    , 38     , 46     , 10     
563 , 1178515, 336    , 340    , 38     , 46     , 10     
564 , 1178565, 288    , 285    , 75     , 74     , 10     
565 , 1178615, 288    , 285    , 75     , 74     , 10     
566 , 1178665, 293    , 291    , 120    , 120    , 10     
567 , 1178715, 293    , 291    , 120    , 120    , 10     
568 , 1178765, 315    , 313    , 116    , 115    , 10     
569 , 1178815, 315    , 313    , 116    , 115    , 10     
570 , 1178865, 338    , 336    , 93     , 92     , 10     
571 , 1178915, 338    , 336    , 93     , 92     , 10     
572 , 1178965, 366    , 361    , 69     , 68     , 10     
573 , 1179015, 366    , 361    , 69     , 68     , 10     
574 , 1179065, 383    , 373    , 38     , 41     , 10     
575 , 1179115, 383    , 373    , 38     , 41     , 10     
576 , 1179165, 390    , 380    , 20     , 28     , 10     
577 , 1179215, 390    , 380    , 20     , 28     , 10     
578 , 1179265, 390    , 383    , 12     , 28     , 10     
579 , 1179315, 390    , 383    , 12     , 28     , 10     
580 , 1179365, 386    , 375    , 12     , 17     , 10     
581 , 1179415, 386    , 375    , 12     , 17     , 10     
582 , 1179465, 376    , 371    , 16     , 26     , 10     
583 , 1179515, 376    , 371    , 16     , 26     , 10     
584 , 1179565, 353    , 368    , 27     , 30     , 10     
585 , 1179615, 353    , 368    , 27     , 30     , 10     
586 , 1179665, 346    , 363    , 53     , 34     , 10     
587 , 1179715, 346    , 363    , 53     , 34     , 10     
588 , 1179765, 346    , 358    , 61     , 40     , 10     
589 , 1179815, 346    , 358    , 61     , 40     , 10     
590 , 1179865, 348    , 356    , 62     , 46     , 10     
591 , 1179915, 348    , 356    , 62     , 46     , 10     
592 , 1179965, 358    , 356    , 61     , 49     , 10     
593 , 1180015, 358    , 356    , 61     , 49     , 10     
594 , 1180065, 366    , 356    , 50     , 49     , 10     
595 , 1180115, 366    , 356    , 50     , 49     , 10     
596 , 1180165, 373    , 360    , 42     , 50     , 10     
597 , 1180215, 373    , 360    , 42     , 50     , 10     
598 , 1180265, 371    , 361    , 34     , 46     , 10     
599 , 1180315, 371    , 361    , 34     , 46     , 10     
600 , 1180365, 376    , 361    , 37     , 45     , 10     
601 , 1180415, 376    , 361    , 37     , 45     , 10     
602 , 1180465, 373    , 366    , 31     , 46     , 10     
603 , 1180515, 373    , 366    , 31     , 46     , 10     
604 , 1180565, 373    , 365    , 35     , 40     , 10     
605 , 1180615, 373    , 365    , 35     , 40     , 10     
606 , 1180665, 338    , 331    , 35     , 42     , 10     
607 , 1180715, 338    , 331    , 35     , 42     , 10     
608 , 1180765, 283    , 278    , 74     , 80     , 10     
609 , 1180815, 283    , 278    , 74     , 80     , 10     
610 , 1180865, 290    , 288    , 120    , 120    , 10     
611 , 1180915, 290    , 288    , 120    , 120    , 10     
612 , 1180965, 313    , 310    , 114    , 111    , 10     
613 , 1181015, 313    , 310    , 114    , 111    , 10     
614 , 1181065, 335    , 336    , 90     , 88     , 10     
615 , 1181115, 335    , 336    , 90     , 88     , 10     
616 , 1181165, 361    , 358    , 67     , 60     , 10     
617 , 1181215, 361    , 358    , 67     , 60     , 10     
618 , 1181265, 378    , 371    , 39     , 37     , 10     
619 , 1181315, 378    , 371    , 39     , 37     , 10     
620 , 1181365, 340    , 331    , 20     , 23     , 10     
621 , 1181415, 340    , 331    , 20     , 23     , 10     
622 , 1181465, 245    , 238    , 63     , 68     , 10     
623 , 1181515, 245    , 238    , 63     , 68     , 10     
624 , 1181565, 245    , 236    , 120    , 120    , 10     
625 , 1181615, 245    , 236    , 120    , 120    , 10     
626 , 1181665, 266    , 258    , 120    , 120    , 10     
627 , 1181715, 266    , 258    , 120    , 120    , 10     
628 , 1181765, 296    , 288    , 99     , 98     , 10     
629 , 1181815, 296    , 288    , 99     , 98     , 10     
630 , 1181865, 323    , 311    , 68     , 67     , 10     
631 , 1181915, 323    , 311    , 68     , 67     , 10     
632 , 1181965, 348    , 336    , 40     , 44     , 10     
633 , 1182015, 348    , 336    , 40     , 44     , 10     
634 , 1182065, 353    , 343    , 13     , 17     , 10     
635 , 1182115, 353    , 343    , 13     , 17     , 10     
636 , 1182165, 356    , 341    , 8      , 10     , 10     
637 , 1182215, 356    , 341    , 8      , 10     , 10     
638 , 1182265, 350    , 340    , 5      , 13     , 10     
639 , 1182315, 350    , 340    , 5      , 13     , 10     
640 , 1182365, 340    , 333    , 12     , 15     , 10     
641 , 1182415, 340    , 333    , 12     , 15     , 10     
642 , 1182465, 315    , 305    , 24     , 24     , 10     
643 , 1182515, 315    , 305    , 24     , 24     , 10     
644 , 1182565, 310    , 298    , 53     , 57     , 10     
645 , 1182615, 310    , 298    , 53     , 57     , 10     
646 , 1182665, 315    , 293    , 60     , 66     , 10     
647 , 1182715, 315    , 293    , 60     , 66     , 10     
648 , 1182765, 313    , 305    , 56     , 74     , 10     
649 , 1182815, 313    , 305    , 56     , 74     , 10     
650 , 1182865, 320    , 316    , 60     , 62     , 10     
651 , 1182915, 320    , 316    , 60     , 62     , 10     
652 , 1182965, 333    , 331    , 54     , 52     , 10     
653 , 1183015, 333    , 331    , 54     , 52     , 10     
654 , 1183065, 335    , 341    , 41     , 36     , 10     
655 , 1183115, 335    , 341    , 41     , 36     , 10     
656 , 1183165, 345    , 340    , 40     , 26     , 10     
657 , 1183215, 345    , 340    , 40     , 26     , 10     
658 , 1183265, 346    , 341    , 29     , 28     , 10     
659 , 1183315, 346    , 341    , 29     , 28     , 10     
660 , 1183365, 343    , 333    , 29     , 28     , 10     
661 , 1183415, 343    , 333    , 29     , 28     , 10     
662 , 1183465, 343    , 335    , 33     , 38     , 10     
663 , 1183515, 343    , 335    , 33     , 38     , 10     
664 , 1183565, 343    , 331    , 34     , 37     , 10     
665 , 1183615, 343    , 331    , 34     , 37     , 10     
666 , 1183665, 343    , 333    , 35     , 42     , 10     
667 , 1183715, 343    , 333    , 35     , 42     , 10     
668 , 1183765, 340    , 330    , 36     , 41     , 10     
669 , 1183815, 340    , 330    , 36     , 41     , 10     
670 , 1183865, 341    , 331    , 40     , 45     , 10     
671 , 1183915, 341    , 331    , 40     , 45     , 10     
672 , 1183965, 341    , 331    , 40     , 46     , 10     
673 , 1184015, 341    , 331    , 40     , 46     , 10     
674 , 1184065, 343    , 333    , 41     , 47     , 10     
675 , 1184115, 343    , 333    , 41     , 47     , 10     
676 , 1184165, 341    , 336    , 39     , 46     , 10     
677 , 1184215, 341    , 336    , 39     , 46     , 10     
678 , 1184265, 345    , 336    , 42     , 43     , 10     
679 , 1184315, 345    , 336    , 42     , 43     , 10     
680 , 1184365, 343    , 341    , 39     , 44     , 10     
681 , 1184415, 343    , 341    , 39     , 44     , 10     
682 , 1184465, 345    , 336    , 42     , 40     , 10     
683 , 1184515, 345    , 336    , 42     , 40     , 10     
684 , 1184565, 350    , 341    , 40     , 46     , 10     
685 , 1184615, 350    , 341    , 40     , 46     , 10     
686 , 1184665, 348    , 340    , 36     , 42     , 10     
687 , 1184715, 348    , 340    , 36     , 42     , 10     
688 , 1184765, 346    , 343    , 39     , 44     , 10     
689 , 1184815, 346    , 343    , 39     , 44     , 10     
690 , 1184865, 353    , 346    , 42     , 41     , 10     
691 , 1184915, 353    , 346    , 42     , 41     , 10     
692 , 1184965, 348    , 343    , 34     , 39     , 10     
693 , 1185015, 348    , 343    , 34     , 39     , 10     
694 , 1185065, 350    , 345    , 41     , 43     , 10     
695 , 1185115, 350    , 345    , 41     , 43     , 10     
696 , 1185165, 355    , 345    , 39     , 41     , 10     
697 , 1185215, 355    , 345    , 39     , 41     , 10     
698 , 1185265, 350    , 343    , 34     , 42     , 10     
699 , 1185315, 350    , 343    , 34     , 42     , 10     
700 , 1185365, 350    , 346    , 40     , 45     , 10     
701 , 1186665, 350    , 346    , 40     , 45     , 10     
702 , 1186715, 350    , 346    , 40     , 45     , 10     
703 , 1186765, 350    , 346    , 40     , 45     , 10     
704 , 1186815, 350    , 346    , 40     , 45     , 10     
705 , 1186865, 350    , 346    , 40     , 45     , 10     
706 , 1186915, 350    , 346    , 40     , 45     , 10     
707 , 1186965, 350    , 346    , 40     , 45     , 10     
708 , 1187015, 350    , 346    , 40     , 45     , 10     
709 , 1187065, 350    , 346    , 40     , 45     , 10     
710 , 1187115, 350    , 346    , 40     , 45     , 10     
711 , 1187165, 350    , 346    , 40     , 45     , 10     
712 , 1187215, 350    , 346    , 40     , 45     , 10     
713 , 1187265, 350    , 346    , 40     , 45     , 10     
714 , 1187315, 350    , 346    , 40     , 45     , 10     
715 , 1187365, 350    , 346    , 40     , 45     , 10     
716 , 1187415, 350    , 346    , 40     , 45     , 10     
717 , 1187465, 350    , 346    , 40     , 45     , 10     
718 , 1187515, 350    , 346    , 40     , 45     , 10     
719 , 1187565, 350    , 346    , 40     , 45     , 10     
720 , 1187615, 350    , 346    , 40     , 45     , 10     
721 , 1187665, 350    , 346    , 40     , 45     , 10     
722 , 1187715, 350    , 346    , 40     , 45     , 10     
723 , 1187765, 350    , 346    , 40     , 45     , 10     
724 , 1187815, 350    , 346    , 40     , 45     , 10     
725 , 1187865, 350    , 346    , 40     , 45     , 10     
726 , 1187915, 350    , 346    , 40     , 45     , 10     
727 , 1187965, 350    , 346    , 40     , 45     , 10     
728 , 1188015, 350    , 346    , 40     , 45     , 10     
729 , 1188065, 350    , 346    , 40     , 45     , 10     
730 , 1188115, 350    , 346    , 40     , 45     , 10     
731 , 1188165, 350    , 346    , 40     , 45     , 10     
732 , 1188215, 350    , 346    , 40     , 45     , 10     
733 , 1188265, 350    , 346    , 40     , 45     , 10     
734 , 1188315, 350    , 346    , 40     , 45     , 10     
735 , 1188365, 350    , 346    , 40     , 45     , 10     
736 , 1188415, 350    , 346    , 40     , 45     , 10     
737 , 1188465, 350    , 346    , 40     , 45     , 10     
738 , 1188515, 350    , 346    , 40     , 45     , 10     
739 , 1188565, 350    , 346    , 40     , 45     , 10     
740 , 1188615, 350    , 346    , 40     , 45     , 10     
741 , 1188665, 350    , 346    , 40     , 45     , 10     
742 , 1188715, 350    , 346    , 40     , 45     , 10     
743 , 1188765, 350    , 346    , 40     , 45     , 10     
744 , 1188815, 350    , 346    , 40     , 45     , 10     
745 , 1188865, 350    , 346    , 40     , 45     , 10     
746 , 1188915, 350    , 346    , 40     , 45     , 10     
747 , 1188965, 350    , 346    , 40     , 45     , 10     
748 , 1189015, 350    , 346    , 40     , 45     , 10     
749 , 1189065, 350    , 346    , 40     , 45     , 10     
750 , 1189115, 350    , 346    , 40     , 45     , 10     
751 , 1189165, 350    , 346    , 40     , 45     , 10     
752 , 1189215, 350    , 346    , 40     , 45     , 10     
753 , 1189265, 350    , 346    , 40     , 45     , 10     
754 , 1189315, 350    , 346    , 40     , 45     , 10     
755 , 1189365, 350    , 346    , 40     , 45     , 10     
756 , 1189415, 350    , 346    , 40     , 45     , 10     
757 , 1189465, 350    , 346    , 40     , 45     , 10     
758 , 1189515, 350    , 346    , 40     , 45     , 10     
759 , 1189565, 350    , 346    , 40     , 45     , 10     
760 , 1189615, 350    , 346    , 40     , 45     , 10     
761 , 1189665, 350    , 346    , 40     , 45     , 10     
762 , 1189715, 350    , 346    , 40     , 45     , 10     
763 , 1189765, 350    , 346    , 40     , 45     , 10     
764 , 1189815, 350    , 346    , 40     , 45     , 10     
765 , 1189865, 350    , 346    , 40     , 45     , 10     
766 , 1189915, 350    , 346    , 40     , 45     , 10     
767 , 1189965, 350    , 346    , 40     , 45     , 10     
768 , 1190015, 350    , 346    , 40     , 45     , 10     
769 , 1190065, 350    , 346    , 40     , 45     , 10     
770 , 1190115, 350    , 346    , 40     , 45     , 10     
771 , 1190165, 350    , 346    , 40     , 45     , 10     
772 , 1190215, 350    , 346    , 40     , 45     , 10     
773 , 1190265, 350    , 346    , 40     , 45     , 10     
774 , 1190315, 350    , 346    , 40     , 45     , 10     
775 , 1190365, 350    , 346    , 40     , 45     , 10     
776 , 1190415, 350    , 346    , 40     , 45     , 10     
777 , 1190465, 350    , 346    , 40     , 45     , 10     
778 , 1190515, 350    , 346    , 40     , 45     , 10     
779 , 1190565, 350    , 346    , 40     , 45     , 10     
780 , 1190615, 350    , 346    , 40     , 45     , 10     
781 , 1190665, 350    , 346    , 40     , 45     , 10     
782 , 1190715, 350    , 346    , 40     , 45     , 10     
783 , 1190765, 350    , 346    , 40     , 45     , 10     
784 , 1190815, 350    , 346    , 40     , 45     , 10     
785 , 1190865, 350    , 346    , 40     , 45     , 10     
786 , 1190915, 350    , 346    , 40     , 45     , 10     
787 , 1190965, 350    , 346    , 40     , 45     , 10     
788 , 1191015, 350    , 346    , 40     , 45     , 10     
789 , 1191065, 350    , 346    , 40     , 45     , 10     
790 , 1191115, 350    , 346    , 40     , 45     , 10     
791 , 1191165, 350    , 346    , 40     , 45     , 10     
792 , 1191215, 350    , 346    , 40     , 45     , 10     
793 , 1191265, 350    , 346    , 40     , 45     , 10     
794 , 1191315, 350    , 346    , 40     , 45     , 10     
795 , 1191365, 350    , 346    , 40     , 45     , 10     
796 , 1191415, 350    , 346    , 40     , 45     , 10     
797 , 1191465, 350    , 346    , 40     , 45     , 10     
798 , 1191515, 350    , 346    , 40     , 45     , 10     
799 , 1191565, 350    , 346    , 40     , 45     , 10     
800 , 1191615, 350    , 346    , 40     , 45     , 10     
801 , 1191665, 350    , 346    , 40     , 45     , 10     
802 , 1191715, 350    , 346    , 40     , 45     , 10     
803 , 1191765, 350    , 346    , 40     , 45     , 10     
804 , 1191815, 350    , 346    , 40     , 45     , 10     
805 , 1191865, 350    , 346    , 40     , 45     , 10     
806 , 1191915, 350    , 346    , 40     , 45     , 10     
807 , 1191965, 350    , 346    , 40     , 45     , 10     
808 , 1192015, 350    , 346    , 40     , 45     , 10     
809 , 1192065, 350    , 346    , 40     , 45     , 10     
810 , 1192115, 350    , 346    , 40     , 45     , 10     
811 , 1192165, 350    , 346    , 40     , 45     , 10     
812 , 1192215, 350    , 346    , 40     , 45     , 10     
813 , 1192265, 350    , 346    , 40     , 45     , 10     
814 , 1192315, 350    , 346    , 40     , 45     , 10     
815 , 1192365, 350    , 346    , 40     , 45     , 10     
816 , 1192415, 350    , 346    , 40     , 45     , 10     
817 , 1192465, 350    , 346    , 40     , 45     , 10     
818 , 1192515, 350    , 346    , 40     , 45     , 10     
819 , 1192565, 350    , 346    , 40     , 45     , 10     
820 , 1192615, 350    , 346    , 40     , 45     , 10     
821 , 1192665, 350    , 346    , 40     , 45     , 10     
822 , 1192715, 350    , 346    , 40     , 45     , 10     
823 , 1192765, 350    , 346    , 40     , 45     , 10     
824 , 1192815, 350    , 346    , 40     , 45     , 10     
825 , 1192865, 350    , 346    , 40     , 45     , 10     
826 , 1192915, 350    , 346    , 40     , 45     , 10     
827 , 1192965, 350    , 346    , 40     , 45     , 10     
828 , 1193015, 350    , 346    , 40     , 45     , 10     
829 , 1193065, 350    , 346    , 40     , 45     , 10     
830 , 1193115, 350    , 346    , 40     , 45     , 10     
831 , 1193165, 350    , 346    , 40     , 45     , 10     
832 , 1193215, 350    , 346    , 40     , 45     , 10     
833 , 1193265, 350    , 346    , 40     , 45     , 10     
834 , 1193315, 350    , 346    , 40     , 45     , 10     
835 , 1193365, 350    , 346    , 40     , 45     , 10     
836 , 1193415, 350    , 346    , 40     , 45     , 10     
837 , 1193465, 350    , 346    , 40     , 45     , 10     
838 , 1193515, 350    , 346    , 40     , 45     , 10     
839 , 1193565, 350    , 346    , 40     , 45     , 10     
840 , 1193615, 350    , 346    , 40     , 45     , 10     
841 , 1193665, 350    , 346    , 40     , 45     , 10     
842 , 1193715, 350    , 346    , 40     , 45     , 10     
843 , 1193765, 350    , 346    , 40     , 45     , 10     
844 , 1193815, 350    , 346    , 40     , 45     , 10     
845 , 1193865, 350    , 346    , 40     , 45     , 10     
846 , 1193915, 350    , 346    , 40     , 45     , 10     
847 , 1193965, 350    , 346    , 40     , 45     , 10     
848 , 1194015, 350    , 346    , 40     , 45     , 10     
849 , 1194065, 350    , 346    , 40     , 45     , 10     
850 , 1194115, 350    , 346    , 40     , 45     , 10     
851 , 1194165, 350    , 346    , 40     , 45     , 10     
852 , 1194215, 350    , 346    , 40     , 45     , 10     
853 , 1194265, 350    , 346    , 40     , 45     , 10     
854 , 1194315, 350    , 346    , 40     , 45     , 10     
855 , 1194365, 350    , 346    , 40     , 45     , 10     
856 , 1194415, 350    , 346    , 40     , 45     , 10     
857 , 1194465, 350    , 346    , 40     , 45     , 10     
858 , 1194515, 350    , 346    , 40     , 45     , 10     
859 , 1194565, 350    , 346    , 40     , 45     , 10     
860 , 1194615, 350    , 346    , 40     , 45     , 10     
861 , 1194665, 350    , 346    , 40     , 45     , 10     
862 , 1194715, 350    , 346    , 40     , 45     , 10     
863 , 1194765, 350    , 346    , 40     , 45     , 10     
864 , 1194815, 350    , 346    , 40     , 45     , 10     
865 , 1194865, 350    , 346    , 40     , 45     , 10     
866 , 1194915, 350    , 346    , 40     , 45     , 10     
867 , 1194965, 350    , 346    , 40     , 45     , 10     
868 , 1195015, 350    , 346    , 40     , 45     , 10     
869 , 1195065, 350    , 346    , 40     , 45     , 10     
870 , 1195115, 350    , 346    , 40     , 45     , 10     
871 , 1195165, 350    , 346    , 40     , 45     , 10     
872 , 1195215, 350    , 346    , 40     , 45     , 10     
873 , 1195265, 350    , 346    , 40     , 45     , 10     
874 , 1195315, 350    , 346    , 40     , 45     , 10     
875 , 1195365, 350    , 346    , 40     , 45     , 10     
876 , 1195415, 350    , 346    , 40     , 45     , 10     
877 , 1195465, 350    , 346    , 40     , 45     , 10     
878 , 1195515, 350    , 346    , 40     , 45     , 10     
879 , 1195565, 350    , 346    , 40     , 45     , 10     
880 , 1195615, 350    , 346    , 40     , 45     , 10     
881 , 1195665, 350    , 346    , 40     , 45     , 10     
882 , 1195715, 350    , 346    , 40     , 45     , 10     
883 , 1195765, 350    , 346    , 40     , 45     , 10     
884 , 1195815, 350    , 346    , 40     , 45     , 10     
885 , 1195865, 350    , 346    , 40     , 45     , 10     
886 , 1195915, 350    , 346    , 40     , 45     , 10     
887 , 1195965, 350    , 346    , 40     , 45     , 10     
888 , 1196015, 350    , 346    , 40     , 45     , 10     
889 , 1196065, 350    , 346    , 40     , 45     , 10     
890 , 1196115, 350    , 346    , 40     , 45     , 10     
891 , 1196165, 350    , 346    , 40     , 45     , 10     
892 , 1196215, 350    , 346    , 40     , 45     , 10     
893 , 1196265, 350    , 346    , 40     , 45     , 10     
894 , 1196315, 350    , 346    , 40     , 45     , 10     
895 , 1196365, 350    , 346    , 40     , 45     , 10     
896 , 1196415, 350    , 346    , 40     , 45     , 10     
897 , 1196465, 350    , 346    , 40     , 45     , 10     
898 , 1196515, 350    , 346    , 40     , 45     , 10     
899 , 1196565, 350    , 346    , 40     , 45     , 10     
900 , 1196615, 77     , 71     , 120    , 120    , 1125   
901 , 1196666, 77     , 71     , 120    , 120    , 1125   
902 , 1196717, 8      , 0      , 104    , 106    , 10     
903 , 1196767, 8      , 0      , 104    , 106    , 10     
904 , 1196817, 63     , 43     , 120    , 120    , 10     
905 , 1196867, 63     , 43     , 120    , 120    , 10     
906 , 1196917, 110    , 96     , 113    , 119    , 10     
907 , 1196967, 110    , 96     , 113    , 119    , 10     
908 , 1197017, 151    , 135    , 108    , 111    , 10     
909 , 1197067, 151    , 135    , 108    , 111    , 10     
910 , 1197117, 188    , 175    , 103    , 107    , 10     
911 , 1197167, 188    , 175    , 103    , 107    , 10     
912 , 1197217, 230    , 208    , 98     , 101    , 10     
913 , 1197267, 230    , 208    , 98     , 101    , 10     
914 , 1197317, 260    , 241    , 89     , 96     , 10     
915 , 1197367, 260    , 241    , 89     , 96     , 10     
916 , 1197417, 291    , 273    , 83     , 90     , 10     
917 , 1197467, 291    , 273    , 83     , 90     , 10     
918 , 1197517, 318    , 301    , 75     , 82     , 10     
919 , 1197567, 318    , 301    , 75     , 82     , 10     
920 , 1197617, 343    , 325    , 67     , 74     , 10     
921 , 1197667, 343    , 325    , 67     , 74     , 10     
922 , 1197717, 360    , 345    , 59     , 67     , 10     
923 , 1197767, 360    , 345    , 59     , 67     , 10     
924 , 1197817, 366    , 351    , 53     , 61     , 10     
925 , 1197867, 366    , 351    , 53     , 61     , 10     
926 , 1197917, 376    , 360    , 51     , 60     , 10     
927 , 1197967, 376    , 360    , 51     , 60     , 10     
928 , 1198017, 376    , 366    , 47     , 57     , 10     
929 , 1198067, 376    , 366    , 47     , 57     , 10     
930 , 1198117, 380    , 370    , 48     , 55     , 10     
931 , 1198167, 380    , 370    , 48     , 55     , 10     
932 , 1198217, 380    , 376    , 48     , 54     , 10     
933 , 1198267, 380    , 376    , 48     , 54     , 10     
934 , 1198317, 376    , 381    , 48     , 52     , 10     
935 , 1198367, 376    , 381    , 48     , 52     , 10     
936 , 1198417, 376    , 388    , 48     , 50     , 10     
937 , 1198467, 376    , 388    , 48     , 50     , 10     
938 , 1198517, 383    , 388    , 48     , 41     , 10     
939 , 1198567, 383    , 388    , 48     , 41     , 10     
940 , 1198617, 386    , 388    , 39     , 41     , 10     
941 , 1198667, 386    , 388    , 39     , 41     , 10     
942 , 1198717, 380    , 390    , 35     , 40     , 10     
943 , 1198767, 380    , 390    , 35     , 40     , 10     
944 , 1198817, 386    , 383    , 35     , 38     , 10     
945 , 1198867, 386    , 383    , 35     , 38     , 10     
946 , 1198917, 380    , 383    , 35     , 47     , 10     
947 , 1198967, 380    , 383    , 35     , 47     , 10     
948 , 1199017, 385    , 380    , 35     , 46     , 10     
949 , 1199067, 385    , 380    , 35     , 46     , 10     
950 , 1199117, 386    , 376    , 36     , 46     , 10     
951 , 1199167, 386    , 376    , 36     , 46     , 10     
952 , 1199217, 385    , 375    , 34     , 56     , 10     
953 , 1199267, 385    , 375    , 34     , 56     , 10     
954 , 1199317, 380    , 380    , 36     , 57     , 10     
955 , 1199367, 380    , 380    , 36     , 57     , 10     
956 , 1199417, 381    , 378    , 36     , 57     , 10     
957 , 1199467, 381    , 378    , 36     , 57     , 10     
958 , 1199517, 375    , 390    , 41     , 53     , 10     
959 , 1199567, 375    , 390    , 41     , 53     , 10     
960 , 1199617, 376    , 390    , 49     , 37     , 10     
961 , 1199667, 376    , 390    , 49     , 37     , 10     
962 , 1199717, 368    , 391    , 47     , 37     , 10     
963 , 1199767, 368    , 391    , 47     , 37     , 10     
964 , 1199817, 375    , 393    , 58     , 36     , 10     
965 , 1199867, 375    , 393    , 58     , 36     , 10     
966 , 1199917, 376    , 388    , 49     , 33     , 10     
967 , 1199967, 376    , 388    , 49     , 33     , 10     
968 , 1200017, 381    , 386    , 48     , 39     , 10     
969 , 1200067, 381    , 386    , 48     , 39     , 10     
970 , 1200117, 381    , 388    , 41     , 41     , 10     
971 , 1200167, 381    , 388    , 41     , 41     , 10     
972 , 1200217, 383    , 386    , 41     , 39     , 10     
973 , 1200267, 383    , 386    , 41     , 39     , 10     
974 , 1200317, 383    , 383    , 39     , 41     , 10     
975 , 1200367, 383    , 383    , 39     , 41     , 10     
976 , 1200417, 383    , 383    , 39     , 45     , 10     
977 , 1200467, 383    , 383    , 39     , 45     , 10     
978 , 1200517, 383    , 376    , 39     , 45     , 10     
979 , 1200567, 383    , 376    , 39     , 45     , 10     
980 , 1200617, 383    , 376    , 39     , 54     , 10     
981 , 1200667, 383    , 376    , 39     , 54     , 10     
982 , 1200717, 388    , 378    , 38     , 54     , 10     
983 , 1200767, 388    , 378    , 38     , 54     , 10     
984 , 1200817, 385    , 376    , 32     , 52     , 10     
985 , 1200867, 385    , 376    , 32     , 52     , 10     
986 , 1200917, 381    , 383    , 36     , 54     , 10     
987 , 1200967, 381    , 383    , 36     , 54     , 10     
988 , 1201017, 383    , 380    , 41     , 45     , 10     
989 , 1201067, 383    , 380    , 41     , 45     , 10     
990 , 1201117, 381    , 385    , 38     , 45     , 10     
991 , 1201167, 381    , 385    , 38     , 45     , 10     
992 , 1201217, 381    , 386    , 41     , 42     , 10     
993 , 1201267, 381    , 386    , 41     , 42     , 10     
994 , 1201317, 381    , 385    , 41     , 41     , 10     
995 , 1201367, 381    , 385    , 41     , 41     , 10     
996 , 1201417, 381    , 386    , 41     , 42     , 10     
997 , 1201467, 381    , 386    , 41     , 42     , 10     
998 , 1201517, 376    , 383    , 41     , 41     , 10     
999 , 1201567, 376    , 383    , 41     , 41     , 10     
1000, 1201617, 381    , 381    , 47     , 45     , 10     
1001, 1201667, 381    , 381    , 47     , 45     , 10     
1002, 1201717, 380    , 385    , 41     , 47     , 10     
1003, 1201767, 380    , 385    , 41     , 47     , 10     
1004, 1201817, 383    , 380    , 41     , 42     , 10     
1005, 1201867, 383    , 380    , 41     , 42     , 10     
1006, 1201917, 383    , 380    , 38     , 42     , 10     
1007, 1201967, 383    , 380    , 38     , 42     , 10     
1008, 1202017, 380    , 381    , 38     , 42     , 10     
1009, 1202067, 380    , 381    , 38     , 42     , 10     
1010, 1202117, 383    , 380    , 38     , 47     , 10     
1011, 1202167, 383    , 380    , 38     , 47     , 10     
1012, 1202217, 381    , 381    , 38     , 47     , 10     
1013, 1202267, 381    , 381    , 38     , 47     , 10     
1014, 1202317, 355    , 356    , 40     , 47     , 10     
1015, 1202367, 355    , 356    , 40     , 47     , 10     
1016, 1202417, 296    , 296    , 75     , 80     , 10     
1017, 1202467, 296    , 296    , 75     , 80     , 10     
1018, 1202517, 303    , 306    , 120    , 120    , 10     
1019, 1202567, 303    , 306    , 120    , 120    , 10     
1020, 1202617, 318    , 323    , 112    , 108    , 10     
1021, 1202667, 318    , 323    , 112    , 108    , 10     
1022, 1202717, 345    , 346    , 94     , 87     , 10     
1023, 1202767, 345    , 346    , 94     , 87     , 10     
1024, 1202817, 370    , 370    , 60     , 58     , 10     
1025, 1202867, 370    , 370    , 60     , 58     , 10     
1026, 1202917, 391    , 385    , 28     , 27     , 10     
1027, 1202967, 391    , 385    , 28     , 27     , 10     
1028, 1203017, 388    , 386    , 0      , 8      , 10     
1029, 1203067, 388    , 386    , 0      , 8      , 10     
1030, 1203117, 386    , 383    , 4      , 6      , 10     
1031, 1203167, 386    , 383    , 4      , 6      , 10     
1032, 1203217, 381    , 376    , 6      , 10     , 10     
1033, 1203267, 381    , 376    , 6      , 10     , 10     
1034, 1203317, 351    , 351    , 13     , 19     , 10     
1035, 1203367, 351    , 351    , 13     , 19     , 10     
1036, 1203417, 340    , 335    , 52     , 52     , 10     
1037, 1203467, 340    , 335    , 52     , 52     , 10     
1038, 1203517, 340    , 331    , 68     , 74     , 10     
1039, 1203567, 340    , 331    , 68     , 74     , 10     
1040, 1203617, 346    , 333    , 68     , 81     , 10     
1041, 1203667, 346    , 333    , 68     , 81     , 10     
1042, 1203717, 353    , 351    , 61     , 79     , 10     
1043, 1203767, 353    , 351    , 61     , 79     , 10     
1044, 1203817, 363    , 365    , 53     , 56     , 10     
1045, 1203867, 363    , 365    , 53     , 56     , 10     
1046, 1203917, 368    , 380    , 40     , 39     , 10     
1047, 1203967, 368    , 380    , 40     , 39     , 10     
1048, 1204017, 373    , 383    , 34     , 39     , 10     
1049, 1204067, 373    , 383    , 34     , 39     , 10     
1050, 1204117, 371    , 381    , 28     , 15     , 10     
1051, 1204167, 371    , 381    , 28     , 15     , 10     
1052, 1204217, 366    , 378    , 31     , 18     , 10     
1053, 1204267, 366    , 378    , 31     , 18     , 10     
1054, 1204317, 368    , 373    , 37     , 22     , 10     
1055, 1204367, 368    , 373    , 37     , 22     , 10     
1056, 1204417, 368    , 368    , 35     , 28     , 10     
1057, 1204467, 368    , 368    , 35     , 28     , 10     
1058, 1204517, 365    , 358    , 35     , 35     , 10     
1059, 1204567, 365    , 358    , 35     , 35     , 10     
1060, 1204617, 363    , 348    , 40     , 49     , 10     
1061, 1204667, 363    , 348    , 40     , 49     , 10     
1062, 1204717, 368    , 346    , 43     , 62     , 10     
1063, 1204767, 368    , 346    , 43     , 62     , 10     
1064, 1204817, 363    , 353    , 36     , 66     , 10     
1065, 1204867, 363    , 353    , 36     , 66     , 10     
1066, 1204917, 365    , 356    , 43     , 57     , 10     
1067, 1204967, 365    , 356    , 43     , 57     , 10     
1068, 1205017, 366    , 361    , 41     , 54     , 10     
1069, 1205067, 366    , 361    , 41     , 54     , 10     
1070, 1205117, 366    , 368    , 40     , 48     , 10     
1071, 1205167, 366    , 368    , 40     , 48     , 10     
1072, 1205217, 368    , 370    , 40     , 39     , 10     
1073, 1205267, 368    , 370    , 40     , 39     , 10     
1074, 1205317, 311    , 315    , 38     , 37     , 10     
1075, 1205367, 311    , 315    , 38     , 37     , 10     
1076, 1205417, 273    , 273    , 114    , 110    , 10     
1077, 1205467, 273    , 273    , 114    , 110    , 10     
1078, 1205517, 280    , 280    , 120    , 120    , 10     
1079, 1205567, 280    , 280    , 120    , 120    , 10     
1080, 1205617, 311    , 306    , 113    , 113    , 10     
1081, 1205667, 311    , 306    , 113    , 113    , 10     
1082, 1205717, 333    , 330    , 74     , 81     , 10     
1083, 1205767, 333    , 330    , 74     , 81     , 10     
1084, 1205817, 360    , 353    , 46     , 51     , 10     
1085, 1205867, 360    , 353    , 46     , 51     , 10     
1086, 1205917, 368    , 366    , 12     , 21     , 10     
1087, 1205967, 368    , 366    , 12     , 21     , 10     
1088, 1206017, 371    , 366    , 2      , 5      , 10     
1089, 1206067, 371    , 366    , 2      , 5      , 10     
1090, 1206117, 366    , 366    , 0      , 5      , 10     
1091, 1206167, 366    , 366    , 0      , 5      , 10     
1092, 1206217, 348    , 355    , 6      , 5      , 10     
1093, 1206267, 348    , 355    , 6      , 5      , 10     
1094, 1206317, 325    , 325    , 30     , 20     , 10     
1095, 1206367, 325    , 325    , 30     , 20     , 10     
1096, 1206417, 321    , 313    , 62     , 60     , 10     
1097, 1206467, 321    , 313    , 62     , 60     , 10     
1098, 1206517, 323    , 310    , 68     , 78     , 10     
1099, 1206567, 323    , 310    , 68     , 78     , 10     
1100, 1206617, 331    , 323    , 67     , 83     , 10     
1101, 1206667, 331    , 323    , 67     , 83     , 10     
1102, 1206717, 345    , 343    , 58     , 68     , 10     
1103, 1206767, 345    , 343    , 58     , 68     , 10     
1104, 1206817, 351    , 360    , 40     , 42     , 10     
1105, 1206867, 351    , 360    , 40     , 42     , 10     
1106, 1206917, 360    , 366    , 33     , 21     , 10     
1107, 1206967, 360    , 366    , 33     , 21     , 10     
1108, 1207017, 358    , 366    , 22     , 13     , 10     
1109, 1207067, 358    , 366    , 22     , 13     , 10     
1110, 1207117, 355    , 366    , 25     , 14     , 10     
1111, 1207167, 355    , 366    , 25     , 14     , 10     
1112, 1207217, 353    , 353    , 29     , 14     , 10     
1113, 1207267, 353    , 353    , 29     , 14     , 10     
1114, 1207317, 350    , 351    , 33     , 31     , 10     
1115, 1207367, 350    , 351    , 33     , 31     , 10     
1116, 1207417, 355    , 326    , 37     , 35     , 10     
1117, 1207467, 355    , 326    , 37     , 35     , 10     
1118, 1207517, 345    , 321    , 31     , 68     , 10     
1119, 1207567, 345    , 321    , 31     , 68     , 10     
1120, 1207617, 346    , 325    , 45     , 76     , 10     
1121, 1207667, 346    , 325    , 45     , 76     , 10     
1122, 1207717, 350    , 336    , 45     , 72     , 10     
1123, 1207767, 350    , 336    , 45     , 72     , 10     
1124, 1207817, 348    , 351    , 40     , 59     , 10     
1125, 1207867, 348    , 351    , 40     , 59     , 10     
1126, 1207917, 348    , 366    , 43     , 40     , 10     
1127, 1207967, 348    , 366    , 43     , 40     , 10     
1128, 1208017, 355    , 371    , 44     , 21     , 10     
1129, 1208067, 355    , 371    , 44     , 21     , 10     
1130, 1208117, 355    , 368    , 36     , 15     , 10     
1131, 1208167, 355    , 368    , 36     , 15     , 10     
1132, 1208217, 353    , 363    , 36     , 19     , 10     
1133, 1208267, 353    , 363    , 36     , 19     , 10     
1134, 1208317, 358    , 363    , 39     , 26     , 10     
1135, 1208367, 358    , 363    , 39     , 26     , 10     
1136, 1208417, 355    , 350    , 33     , 26     , 10     
1137, 1208467, 355    , 350    , 33     , 26     , 10     
1138, 1208517, 350    , 346    , 38     , 44     , 10     
1139, 1208567, 350    , 346    , 38     , 44     , 10     
1140, 1208617, 343    , 325    , 45     , 50     , 10     
1141, 1208667, 343    , 325    , 45     , 50     , 10     
1142, 1208717, 270    , 260    , 55     , 78     , 10     
1143, 1208767, 270    , 260    , 55     , 78     , 10     
1144, 1208817, 276    , 268    , 120    , 120    , 10     
1145, 1208867, 276    , 268    , 120    , 120    , 10     
1146, 1208917, 288    , 291    , 114    , 112    , 10     
1147, 1208967, 288    , 291    , 114    , 112    , 10     
1148, 1209017, 315    , 316    , 101    , 84     , 10     
1149, 1209067, 315    , 316    , 101    , 84     , 10     
1150, 1209117, 343    , 343    , 67     , 53     , 10     
1151, 1209167, 343    , 343    , 67     , 53     , 10     
1152, 1209217, 360    , 355    , 31     , 19     , 10     
1153, 1209267, 360    , 355    , 31     , 19     , 10     
1154, 1209317, 368    , 356    , 10     , 4      , 10     
1155, 1209367, 368    , 356    , 10     , 4      , 10     
1156, 1209417, 368    , 353    , 0      , 3      , 10     
1157, 1209467, 368    , 353    , 0      , 3      , 10     
1158, 1209517, 365    , 340    , 0      , 7      , 10     
1159, 1209567, 365    , 340    , 0      , 7      , 10     
1160, 1209617, 338    , 310    , 4      , 25     , 10     
1161, 1209667, 338    , 310    , 4      , 25     , 10     
1162, 1209717, 323    , 300    , 40     , 66     , 10     
1163, 1209767, 323    , 300    , 40     , 66     , 10     
1164, 1209817, 320    , 303    , 61     , 81     , 10     
1165, 1209867, 320    , 303    , 61     , 81     , 10     
1166, 1209917, 325    , 311    , 66     , 78     , 10     
1167, 1209967, 325    , 311    , 66     , 78     , 10     
1168, 1210017, 328    , 333    , 61     , 70     , 10     
1169, 1210067, 328    , 333    , 61     , 70     , 10     
1170, 1210117, 340    , 351    , 58     , 42     , 10     
1171, 1210167, 340    , 351    , 58     , 42     , 10     
1172, 1210217, 346    , 360    , 44     , 19     , 10     
1173, 1210267, 346    , 360    , 44     , 19     , 10     
1174, 1210317, 351    , 358    , 37     , 8      , 10     
1175, 1210367, 351    , 358    , 37     , 8      , 10     
1176, 1210417, 355    , 355    , 31     , 11     , 10     
1177, 1210467, 355    , 355    , 31     , 11     , 10     
