0   , 5766529, 378    , 380    , 42     , 36     
1   , 5766554, 378    , 380    , 42     , 36     
2   , 5766579, 378    , 381    , 42     , 36     
3   , 5766604, 378    , 381    , 42     , 36     
4   , 5766629, 378    , 381    , 42     , 36     
5   , 5766654, 378    , 381    , 42     , 36     
6   , 5766679, 380    , 381    , 42     , 38     
7   , 5766704, 380    , 381    , 42     , 38     
8   , 5766729, 380    , 381    , 42     , 38     
9   , 5766754, 380    , 381    , 42     , 38     
10  , 5766779, 380    , 380    , 42     , 38     
11  , 5766804, 380    , 380    , 42     , 38     
12  , 5766829, 380    , 380    , 42     , 38     
13  , 5766854, 380    , 380    , 42     , 38     
14  , 5766879, 375    , 380    , 42     , 38     
15  , 5766904, 375    , 380    , 42     , 38     
16  , 5766929, 375    , 380    , 42     , 38     
17  , 5766954, 375    , 380    , 42     , 38     
18  , 5766979, 380    , 378    , 46     , 38     
19  , 5767004, 380    , 378    , 46     , 38     
20  , 5767029, 380    , 378    , 46     , 38     
21  , 5767054, 380    , 378    , 46     , 38     
22  , 5767079, 380    , 378    , 46     , 41     
23  , 5767104, 380    , 378    , 46     , 41     
24  , 5767129, 380    , 378    , 46     , 41     
25  , 5767154, 380    , 378    , 46     , 41     
26  , 5767179, 383    , 380    , 46     , 42     
27  , 5767204, 383    , 380    , 46     , 42     
28  , 5767229, 383    , 380    , 46     , 42     
29  , 5767254, 383    , 380    , 46     , 42     
30  , 5767279, 380    , 380    , 37     , 42     
31  , 5767304, 380    , 380    , 37     , 42     
32  , 5767329, 380    , 380    , 37     , 42     
33  , 5767354, 380    , 380    , 37     , 42     
34  , 5767379, 381    , 380    , 37     , 42     
35  , 5767404, 381    , 380    , 37     , 42     
36  , 5767429, 381    , 380    , 37     , 42     
37  , 5767454, 381    , 380    , 37     , 42     
38  , 5767479, 385    , 380    , 39     , 42     
39  , 5767504, 385    , 380    , 39     , 42     
40  , 5767529, 385    , 380    , 39     , 42     
41  , 5767554, 385    , 380    , 39     , 42     
42  , 5767579, 381    , 380    , 35     , 42     
43  , 5767604, 381    , 380    , 35     , 42     
44  , 5767629, 381    , 380    , 35     , 42     
45  , 5767654, 381    , 380    , 35     , 42     
46  , 5767679, 380    , 380    , 39     , 42     
47  , 5767704, 380    , 380    , 39     , 42     
48  , 5767729, 380    , 380    , 39     , 42     
49  , 5767754, 380    , 380    , 39     , 42     
50  , 5767779, 380    , 381    , 39     , 42     
51  , 5767804, 380    , 381    , 39     , 42     
52  , 5767829, 380    , 381    , 39     , 42     
53  , 5767854, 380    , 381    , 39     , 42     
54  , 5767879, 378    , 381    , 39     , 38     
55  , 5767904, 378    , 381    , 39     , 38     
56  , 5767929, 378    , 381    , 39     , 38     
57  , 5767954, 378    , 381    , 39     , 38     
58  , 5767979, 380    , 381    , 42     , 38     
59  , 5768004, 380    , 381    , 42     , 38     
60  , 5768029, 380    , 381    , 42     , 38     
61  , 5768054, 380    , 381    , 42     , 38     
62  , 5768079, 375    , 383    , 42     , 38     
63  , 5768104, 375    , 383    , 42     , 38     
64  , 5768129, 375    , 383    , 42     , 38     
65  , 5768154, 375    , 383    , 42     , 38     
66  , 5768179, 380    , 380    , 45     , 36     
67  , 5768204, 380    , 380    , 45     , 36     
68  , 5768229, 380    , 380    , 45     , 36     
69  , 5768254, 380    , 380    , 45     , 36     
70  , 5768279, 380    , 380    , 45     , 36     
71  , 5768304, 380    , 380    , 45     , 36     
72  , 5768329, 380    , 380    , 45     , 36     
73  , 5768354, 380    , 380    , 45     , 36     
74  , 5768379, 378    , 381    , 45     , 36     
75  , 5768404, 378    , 381    , 45     , 36     
76  , 5768429, 378    , 381    , 45     , 36     
77  , 5768454, 378    , 381    , 45     , 36     
78  , 5768479, 381    , 376    , 43     , 38     
79  , 5768504, 381    , 376    , 43     , 38     
80  , 5768529, 381    , 376    , 43     , 38     
81  , 5768554, 381    , 376    , 43     , 38     
82  , 5768579, 380    , 380    , 40     , 43     
83  , 5768604, 380    , 380    , 40     , 43     
84  , 5768629, 380    , 380    , 40     , 43     
85  , 5768654, 380    , 380    , 40     , 43     
86  , 5768679, 381    , 376    , 40     , 43     
87  , 5768704, 381    , 376    , 40     , 43     
88  , 5768729, 381    , 376    , 40     , 43     
89  , 5768754, 381    , 376    , 40     , 43     
90  , 5768779, 385    , 378    , 39     , 44     
91  , 5768804, 385    , 378    , 39     , 44     
92  , 5768829, 385    , 378    , 39     , 44     
93  , 5768854, 385    , 378    , 39     , 44     
94  , 5768879, 378    , 380    , 35     , 42     
95  , 5768904, 378    , 380    , 35     , 42     
96  , 5768929, 378    , 380    , 35     , 42     
97  , 5768954, 378    , 380    , 35     , 42     
98  , 5768979, 381    , 380    , 42     , 42     
99  , 5769004, 381    , 380    , 42     , 42     
100 , 5769029, 381    , 380    , 42     , 42     
101 , 5769054, 381    , 380    , 42     , 42     
102 , 5769079, 378    , 381    , 39     , 42     
103 , 5769104, 378    , 381    , 39     , 42     
104 , 5769129, 378    , 381    , 39     , 42     
105 , 5769154, 378    , 381    , 39     , 42     
106 , 5769179, 373    , 381    , 42     , 39     
107 , 5769204, 373    , 381    , 42     , 39     
108 , 5769229, 373    , 381    , 42     , 39     
109 , 5769254, 373    , 381    , 42     , 39     
110 , 5769279, 385    , 380    , 48     , 39     
111 , 5769304, 385    , 380    , 48     , 39     
112 , 5769329, 385    , 380    , 48     , 39     
113 , 5769354, 385    , 380    , 48     , 39     
114 , 5769379, 378    , 381    , 35     , 39     
115 , 5769404, 378    , 381    , 35     , 39     
116 , 5769429, 378    , 381    , 35     , 39     
117 , 5769454, 378    , 381    , 35     , 39     
118 , 5769479, 378    , 380    , 43     , 39     
119 , 5769504, 378    , 380    , 43     , 39     
120 , 5769529, 378    , 380    , 43     , 39     
121 , 5769554, 378    , 380    , 43     , 39     
122 , 5769579, 380    , 381    , 43     , 39     
123 , 5769604, 380    , 381    , 43     , 39     
124 , 5769629, 380    , 381    , 43     , 39     
125 , 5769654, 380    , 381    , 43     , 39     
126 , 5769679, 381    , 380    , 43     , 38     
127 , 5769704, 381    , 380    , 43     , 38     
128 , 5769729, 381    , 380    , 43     , 38     
129 , 5769754, 381    , 380    , 43     , 38     
130 , 5769779, 378    , 380    , 40     , 38     
131 , 5769804, 378    , 380    , 40     , 38     
132 , 5769829, 378    , 380    , 40     , 38     
133 , 5769854, 378    , 380    , 40     , 38     
134 , 5769879, 385    , 380    , 43     , 38     
135 , 5769905, 385    , 380    , 43     , 38     
136 , 5769931, 385    , 380    , 43     , 38     
137 , 5769956, 385    , 380    , 43     , 38     
138 , 5769981, 376    , 381    , 35     , 38     
139 , 5770006, 376    , 381    , 35     , 38     
140 , 5770031, 376    , 381    , 35     , 38     
141 , 5770056, 376    , 381    , 35     , 38     
142 , 5770081, 383    , 376    , 45     , 38     
143 , 5770106, 383    , 376    , 45     , 38     
144 , 5770131, 383    , 376    , 45     , 38     
145 , 5770156, 383    , 376    , 45     , 38     
146 , 5770181, 381    , 378    , 38     , 44     
147 , 5770206, 381    , 378    , 38     , 44     
148 , 5770231, 381    , 378    , 38     , 44     
149 , 5770256, 381    , 378    , 38     , 44     
150 , 5770281, 375    , 381    , 39     , 42     
151 , 5770306, 375    , 381    , 39     , 42     
152 , 5770331, 375    , 381    , 39     , 42     
153 , 5770356, 375    , 381    , 39     , 42     
154 , 5770381, 383    , 375    , 46     , 39     
155 , 5770406, 383    , 375    , 46     , 39     
156 , 5770431, 383    , 375    , 46     , 39     
157 , 5770456, 383    , 375    , 46     , 39     
158 , 5770481, 380    , 383    , 38     , 45     
159 , 5770506, 380    , 383    , 38     , 45     
160 , 5770531, 380    , 383    , 38     , 45     
161 , 5770556, 380    , 383    , 38     , 45     
162 , 5770581, 376    , 378    , 38     , 37     
163 , 5770606, 376    , 378    , 38     , 37     
164 , 5770631, 376    , 378    , 38     , 37     
165 , 5770656, 376    , 378    , 38     , 37     
166 , 5770681, 381    , 381    , 45     , 42     
167 , 5770707, 381    , 381    , 45     , 42     
168 , 5770732, 381    , 381    , 45     , 42     
169 , 5770757, 381    , 381    , 45     , 42     
170 , 5770782, 380    , 378    , 40     , 39     
171 , 5770807, 380    , 378    , 40     , 39     
172 , 5770832, 380    , 378    , 40     , 39     
173 , 5770857, 380    , 378    , 40     , 39     
174 , 5770882, 375    , 383    , 40     , 42     
175 , 5770907, 375    , 383    , 40     , 42     
176 , 5770932, 375    , 383    , 40     , 42     
177 , 5770957, 375    , 383    , 40     , 42     
178 , 5770982, 376    , 380    , 46     , 37     
179 , 5771007, 376    , 380    , 46     , 37     
180 , 5771032, 376    , 380    , 46     , 37     
181 , 5771057, 376    , 380    , 46     , 37     
182 , 5771082, 380    , 380    , 46     , 37     
183 , 5771107, 380    , 380    , 46     , 37     
184 , 5771132, 380    , 380    , 46     , 37     
185 , 5771157, 380    , 380    , 46     , 37     
186 , 5771182, 383    , 380    , 46     , 37     
187 , 5771207, 383    , 380    , 46     , 37     
188 , 5771232, 383    , 380    , 46     , 37     
189 , 5771257, 383    , 380    , 46     , 37     
190 , 5771282, 380    , 381    , 38     , 37     
191 , 5771307, 380    , 381    , 38     , 37     
192 , 5771332, 380    , 381    , 38     , 37     
193 , 5771357, 380    , 381    , 38     , 37     
194 , 5771382, 380    , 378    , 38     , 39     
195 , 5771407, 380    , 378    , 38     , 39     
196 , 5771432, 380    , 378    , 38     , 39     
197 , 5771457, 380    , 378    , 38     , 39     
198 , 5771482, 383    , 378    , 38     , 42     
199 , 5771507, 383    , 378    , 38     , 42     
200 , 5771532, 383    , 378    , 38     , 42     
201 , 5771557, 383    , 378    , 38     , 42     
202 , 5771582, 378    , 376    , 38     , 42     
203 , 5771607, 378    , 376    , 38     , 42     
204 , 5771632, 378    , 376    , 38     , 42     
205 , 5771657, 378    , 376    , 38     , 42     
206 , 5771682, 381    , 380    , 43     , 45     
207 , 5771707, 381    , 380    , 43     , 45     
208 , 5771732, 381    , 380    , 43     , 45     
209 , 5771757, 381    , 380    , 43     , 45     
210 , 5771782, 380    , 378    , 40     , 45     
211 , 5771807, 380    , 378    , 40     , 45     
212 , 5771832, 380    , 378    , 40     , 45     
213 , 5771857, 380    , 378    , 40     , 45     
214 , 5771882, 378    , 381    , 40     , 43     
215 , 5771907, 378    , 381    , 40     , 43     
216 , 5771932, 378    , 381    , 40     , 43     
217 , 5771957, 378    , 381    , 40     , 43     
218 , 5771982, 380    , 380    , 43     , 40     
219 , 5772007, 380    , 380    , 43     , 40     
220 , 5772032, 380    , 380    , 43     , 40     
221 , 5772057, 380    , 380    , 43     , 40     
222 , 5772082, 383    , 385    , 43     , 40     
223 , 5772107, 383    , 385    , 43     , 40     
224 , 5772132, 383    , 385    , 43     , 40     
225 , 5772157, 383    , 385    , 43     , 40     
226 , 5772182, 375    , 381    , 38     , 35     
227 , 5772207, 375    , 381    , 38     , 35     
228 , 5772232, 375    , 381    , 38     , 35     
229 , 5772257, 375    , 381    , 38     , 35     
230 , 5772282, 381    , 380    , 47     , 39     
231 , 5772307, 381    , 380    , 47     , 39     
232 , 5772332, 381    , 380    , 47     , 39     
233 , 5772357, 381    , 380    , 47     , 39     
234 , 5772382, 380    , 380    , 41     , 39     
235 , 5772407, 380    , 380    , 41     , 39     
236 , 5772432, 380    , 380    , 41     , 39     
237 , 5772457, 380    , 380    , 41     , 39     
238 , 5772482, 381    , 381    , 41     , 39     
239 , 5772507, 381    , 381    , 41     , 39     
240 , 5772532, 381    , 381    , 41     , 39     
241 , 5772557, 381    , 381    , 41     , 39     
242 , 5772582, 380    , 380    , 40     , 39     
243 , 5772607, 380    , 380    , 40     , 39     
244 , 5772632, 380    , 380    , 40     , 39     
245 , 5772657, 380    , 380    , 40     , 39     
246 , 5772682, 383    , 381    , 40     , 39     
247 , 5772707, 383    , 381    , 40     , 39     
248 , 5772732, 383    , 381    , 40     , 39     
249 , 5772757, 383    , 381    , 40     , 39     
250 , 5772782, 376    , 381    , 38     , 39     
251 , 5772807, 376    , 381    , 38     , 39     
252 , 5772832, 376    , 381    , 38     , 39     
253 , 5772857, 376    , 381    , 38     , 39     
254 , 5772882, 380    , 376    , 46     , 39     
255 , 5772907, 380    , 376    , 46     , 39     
256 , 5772932, 380    , 376    , 46     , 39     
257 , 5772957, 380    , 376    , 46     , 39     
258 , 5772982, 380    , 383    , 46     , 44     
259 , 5773007, 380    , 383    , 46     , 44     
260 , 5773032, 380    , 383    , 46     , 44     
261 , 5773057, 380    , 383    , 46     , 44     
262 , 5773082, 383    , 373    , 46     , 37     
263 , 5773107, 383    , 373    , 46     , 37     
264 , 5773132, 383    , 373    , 46     , 37     
265 , 5773157, 383    , 373    , 46     , 37     
266 , 5773182, 380    , 381    , 38     , 48     
267 , 5773207, 380    , 381    , 38     , 48     
268 , 5773232, 380    , 381    , 38     , 48     
269 , 5773257, 380    , 381    , 38     , 48     
270 , 5773282, 381    , 381    , 38     , 40     
271 , 5773307, 381    , 381    , 38     , 40     
272 , 5773332, 381    , 381    , 38     , 40     
273 , 5773357, 381    , 381    , 38     , 40     
274 , 5773382, 386    , 381    , 40     , 39     
275 , 5773407, 386    , 381    , 40     , 39     
276 , 5773432, 386    , 381    , 40     , 39     
277 , 5773457, 386    , 381    , 40     , 39     
278 , 5773482, 378    , 381    , 35     , 39     
279 , 5773507, 378    , 381    , 35     , 39     
280 , 5773532, 378    , 381    , 35     , 39     
281 , 5773557, 378    , 381    , 35     , 39     
282 , 5773582, 380    , 380    , 43     , 39     
283 , 5773607, 380    , 380    , 43     , 39     
284 , 5773632, 380    , 380    , 43     , 39     
285 , 5773657, 380    , 380    , 43     , 39     
286 , 5773682, 380    , 383    , 43     , 39     
287 , 5773707, 380    , 383    , 43     , 39     
288 , 5773732, 380    , 383    , 43     , 39     
289 , 5773757, 380    , 383    , 43     , 39     
290 , 5773782, 380    , 380    , 43     , 37     
291 , 5773807, 380    , 380    , 43     , 37     
292 , 5773832, 380    , 380    , 43     , 37     
293 , 5773857, 380    , 380    , 43     , 37     
294 , 5773882, 380    , 383    , 43     , 37     
295 , 5773907, 380    , 383    , 43     , 37     
296 , 5773932, 380    , 383    , 43     , 37     
297 , 5773957, 380    , 383    , 43     , 37     
298 , 5773982, 381    , 376    , 43     , 37     
299 , 5774007, 381    , 376    , 43     , 37     
300 , 5774032, 381    , 376    , 43     , 37     
301 , 5774057, 381    , 376    , 43     , 37     
302 , 5774082, 378    , 380    , 40     , 44     
303 , 5774107, 378    , 380    , 40     , 44     
304 , 5774132, 378    , 380    , 40     , 44     
305 , 5774157, 378    , 380    , 40     , 44     
306 , 5774182, 383    , 376    , 43     , 44     
307 , 5774207, 383    , 376    , 43     , 44     
308 , 5774232, 383    , 376    , 43     , 44     
309 , 5774257, 383    , 376    , 43     , 44     
310 , 5774282, 383    , 380    , 38     , 44     
311 , 5774307, 383    , 380    , 38     , 44     
312 , 5774332, 383    , 380    , 38     , 44     
313 , 5774357, 383    , 380    , 38     , 44     
314 , 5774382, 380    , 383    , 37     , 44     
315 , 5774407, 380    , 383    , 37     , 44     
316 , 5774432, 380    , 383    , 37     , 44     
317 , 5774457, 380    , 383    , 37     , 44     
318 , 5774482, 383    , 380    , 37     , 37     
319 , 5774507, 383    , 380    , 37     , 37     
320 , 5774532, 383    , 380    , 37     , 37     
321 , 5774557, 383    , 380    , 37     , 37     
322 , 5774582, 378    , 381    , 37     , 37     
323 , 5774607, 378    , 381    , 37     , 37     
324 , 5774632, 378    , 381    , 37     , 37     
325 , 5774657, 378    , 381    , 37     , 37     
326 , 5774682, 380    , 381    , 42     , 39     
327 , 5774707, 380    , 381    , 42     , 39     
328 , 5774732, 380    , 381    , 42     , 39     
329 , 5774757, 380    , 381    , 42     , 39     
330 , 5774782, 380    , 380    , 42     , 39     
331 , 5774807, 380    , 380    , 42     , 39     
332 , 5774832, 380    , 380    , 42     , 39     
333 , 5774857, 380    , 380    , 42     , 39     
334 , 5774882, 380    , 383    , 42     , 39     
335 , 5774907, 380    , 383    , 42     , 39     
336 , 5774932, 380    , 383    , 42     , 39     
337 , 5774957, 380    , 383    , 42     , 39     
338 , 5774982, 375    , 380    , 42     , 37     
339 , 5775007, 375    , 380    , 42     , 37     
340 , 5775032, 375    , 380    , 42     , 37     
341 , 5775057, 375    , 380    , 42     , 37     
342 , 5775082, 380    , 378    , 46     , 37     
343 , 5775107, 380    , 378    , 46     , 37     
344 , 5775132, 380    , 378    , 46     , 37     
345 , 5775157, 380    , 378    , 46     , 37     
346 , 5775182, 378    , 381    , 46     , 42     
347 , 5775207, 378    , 381    , 46     , 42     
348 , 5775232, 378    , 381    , 46     , 42     
349 , 5775257, 378    , 381    , 46     , 42     
350 , 5775282, 385    , 378    , 43     , 39     
351 , 5775307, 385    , 378    , 43     , 39     
352 , 5775332, 385    , 378    , 43     , 39     
353 , 5775357, 385    , 378    , 43     , 39     
354 , 5775382, 380    , 381    , 35     , 42     
355 , 5775407, 380    , 381    , 35     , 42     
356 , 5775432, 380    , 381    , 35     , 42     
357 , 5775457, 380    , 381    , 35     , 42     
358 , 5775482, 380    , 376    , 35     , 39     
359 , 5775507, 380    , 376    , 35     , 39     
360 , 5775532, 380    , 376    , 35     , 39     
361 , 5775557, 380    , 376    , 35     , 39     
362 , 5775582, 381    , 380    , 35     , 44     
363 , 5775607, 381    , 380    , 35     , 44     
364 , 5775632, 381    , 380    , 35     , 44     
365 , 5775657, 381    , 380    , 35     , 44     
366 , 5775682, 378    , 381    , 39     , 44     
367 , 5775707, 378    , 381    , 39     , 44     
368 , 5775732, 378    , 381    , 39     , 44     
369 , 5775757, 378    , 381    , 39     , 44     
370 , 5775782, 380    , 380    , 43     , 39     
371 , 5775807, 380    , 380    , 43     , 39     
372 , 5775832, 380    , 380    , 43     , 39     
373 , 5775857, 380    , 380    , 43     , 39     
374 , 5775882, 375    , 381    , 43     , 39     
375 , 5775907, 375    , 381    , 43     , 39     
376 , 5775932, 375    , 381    , 43     , 39     
377 , 5775957, 375    , 381    , 43     , 39     
378 , 5775982, 380    , 383    , 46     , 39     
379 , 5776007, 380    , 383    , 46     , 39     
380 , 5776032, 380    , 383    , 46     , 39     
381 , 5776057, 380    , 383    , 46     , 39     
382 , 5776082, 376    , 380    , 46     , 37     
383 , 5776107, 376    , 380    , 46     , 37     
384 , 5776132, 376    , 380    , 46     , 37     
385 , 5776157, 376    , 380    , 46     , 37     
386 , 5776182, 380    , 381    , 45     , 37     
387 , 5776207, 380    , 381    , 45     , 37     
388 , 5776232, 380    , 381    , 45     , 37     
389 , 5776257, 380    , 381    , 45     , 37     
390 , 5776282, 378    , 380    , 45     , 39     
391 , 5776307, 378    , 380    , 45     , 39     
392 , 5776332, 378    , 380    , 45     , 39     
393 , 5776357, 378    , 380    , 45     , 39     
394 , 5776382, 385    , 378    , 44     , 39     
395 , 5776407, 385    , 378    , 44     , 39     
396 , 5776432, 385    , 378    , 44     , 39     
397 , 5776457, 385    , 378    , 44     , 39     
398 , 5776482, 385    , 380    , 36     , 42     
399 , 5776507, 385    , 380    , 36     , 42     
400 , 5776532, 385    , 380    , 36     , 42     
401 , 5776557, 385    , 380    , 36     , 42     
402 , 5776582, 381    , 380    , 36     , 42     
403 , 5776607, 381    , 380    , 36     , 42     
404 , 5776632, 381    , 380    , 36     , 42     
405 , 5776657, 381    , 380    , 36     , 42     
406 , 5776682, 385    , 378    , 40     , 42     
407 , 5776707, 385    , 378    , 40     , 42     
408 , 5776732, 385    , 378    , 40     , 42     
409 , 5776757, 385    , 378    , 40     , 42     
410 , 5776782, 380    , 381    , 35     , 42     
411 , 5776807, 380    , 381    , 35     , 42     
412 , 5776832, 380    , 381    , 35     , 42     
413 , 5776857, 380    , 381    , 35     , 42     
414 , 5776882, 376    , 380    , 35     , 39     
415 , 5776907, 376    , 380    , 35     , 39     
416 , 5776932, 376    , 380    , 35     , 39     
417 , 5776957, 376    , 380    , 35     , 39     
418 , 5776982, 383    , 381    , 44     , 39     
419 , 5777007, 383    , 381    , 44     , 39     
420 , 5777032, 383    , 381    , 44     , 39     
421 , 5777057, 383    , 381    , 44     , 39     
422 , 5777082, 376    , 380    , 37     , 39     
423 , 5777107, 376    , 380    , 37     , 39     
424 , 5777132, 376    , 380    , 37     , 39     
425 , 5777157, 376    , 380    , 37     , 39     
426 , 5777182, 380    , 378    , 45     , 39     
427 , 5777207, 380    , 378    , 45     , 39     
428 , 5777232, 380    , 378    , 45     , 39     
429 , 5777257, 380    , 378    , 45     , 39     
430 , 5777282, 378    , 383    , 45     , 42     
431 , 5777307, 378    , 383    , 45     , 42     
432 , 5777332, 378    , 383    , 45     , 42     
433 , 5777357, 378    , 383    , 45     , 42     
434 , 5777382, 378    , 380    , 43     , 37     
435 , 5777407, 378    , 380    , 43     , 37     
436 , 5777432, 378    , 380    , 43     , 37     
437 , 5777457, 378    , 380    , 43     , 37     
438 , 5777482, 381    , 380    , 43     , 37     
439 , 5777507, 381    , 380    , 43     , 37     
440 , 5777532, 381    , 380    , 43     , 37     
441 , 5777557, 381    , 380    , 43     , 37     
442 , 5777582, 380    , 378    , 40     , 37     
443 , 5777607, 380    , 378    , 40     , 37     
444 , 5777632, 380    , 378    , 40     , 37     
445 , 5777657, 380    , 378    , 40     , 37     
446 , 5777682, 381    , 380    , 40     , 42     
447 , 5777707, 381    , 380    , 40     , 42     
448 , 5777732, 381    , 380    , 40     , 42     
449 , 5777757, 381    , 380    , 40     , 42     
450 , 5777782, 383    , 378    , 40     , 42     
451 , 5777807, 383    , 378    , 40     , 42     
452 , 5777832, 383    , 378    , 40     , 42     
453 , 5777858, 383    , 378    , 40     , 42     
454 , 5777883, 380    , 381    , 37     , 42     
455 , 5777908, 380    , 381    , 37     , 42     
456 , 5777933, 380    , 381    , 37     , 42     
457 , 5777958, 380    , 381    , 37     , 42     
458 , 5777983, 380    , 378    , 37     , 39     
459 , 5778008, 380    , 378    , 37     , 39     
460 , 5778033, 380    , 378    , 37     , 39     
461 , 5778058, 380    , 378    , 37     , 39     
462 , 5778083, 380    , 380    , 37     , 42     
463 , 5778108, 380    , 380    , 37     , 42     
464 , 5778133, 380    , 380    , 37     , 42     
465 , 5778158, 380    , 380    , 37     , 42     
466 , 5778183, 373    , 383    , 37     , 42     
467 , 5778208, 373    , 383    , 37     , 42     
468 , 5778233, 373    , 383    , 37     , 42     
469 , 5778258, 373    , 383    , 37     , 42     
470 , 5778283, 380    , 376    , 48     , 37     
471 , 5778308, 380    , 376    , 48     , 37     
472 , 5778333, 380    , 376    , 48     , 37     
473 , 5778358, 380    , 376    , 48     , 37     
474 , 5778383, 380    , 381    , 48     , 44     
475 , 5778408, 380    , 381    , 48     , 44     
476 , 5778433, 380    , 381    , 48     , 44     
477 , 5778458, 380    , 381    , 48     , 44     
478 , 5778483, 376    , 380    , 48     , 39     
479 , 5778508, 376    , 380    , 48     , 39     
480 , 5778533, 376    , 380    , 48     , 39     
481 , 5778558, 376    , 380    , 48     , 39     
482 , 5778583, 383    , 380    , 45     , 39     
483 , 5778608, 383    , 380    , 45     , 39     
484 , 5778633, 383    , 380    , 45     , 39     
485 , 5778658, 383    , 380    , 45     , 39     
486 , 5778683, 381    , 381    , 38     , 39     
487 , 5778708, 381    , 381    , 38     , 39     
488 , 5778733, 381    , 381    , 38     , 39     
489 , 5778758, 381    , 381    , 38     , 39     
490 , 5778783, 381    , 380    , 40     , 39     
491 , 5778808, 381    , 380    , 40     , 39     
492 , 5778833, 381    , 380    , 40     , 39     
493 , 5778858, 381    , 380    , 40     , 39     
494 , 5778883, 386    , 380    , 40     , 39     
495 , 5778908, 386    , 380    , 40     , 39     
496 , 5778933, 386    , 380    , 40     , 39     
497 , 5778958, 386    , 380    , 40     , 39     
498 , 5778983, 383    , 381    , 34     , 39     
499 , 5779008, 383    , 381    , 34     , 39     
500 , 5779033, 383    , 381    , 34     , 39     
501 , 5779058, 383    , 381    , 34     , 39     
502 , 5779083, 380    , 378    , 37     , 39     
503 , 5779108, 380    , 378    , 37     , 39     
504 , 5779133, 380    , 378    , 37     , 39     
505 , 5779158, 380    , 378    , 37     , 39     
506 , 5779183, 381    , 381    , 37     , 42     
507 , 5779208, 381    , 381    , 37     , 42     
508 , 5779233, 381    , 381    , 37     , 42     
509 , 5779258, 381    , 381    , 37     , 42     
510 , 5779283, 378    , 378    , 39     , 39     
511 , 5779308, 378    , 378    , 39     , 39     
512 , 5779333, 378    , 378    , 39     , 39     
513 , 5779358, 378    , 378    , 39     , 39     
514 , 5779383, 380    , 378    , 42     , 42     
515 , 5779408, 380    , 378    , 42     , 42     
516 , 5779433, 380    , 378    , 42     , 42     
517 , 5779458, 380    , 378    , 42     , 42     
518 , 5779483, 378    , 380    , 42     , 43     
519 , 5779508, 378    , 380    , 42     , 43     
520 , 5779533, 378    , 380    , 42     , 43     
521 , 5779558, 378    , 380    , 42     , 43     
522 , 5779583, 376    , 381    , 42     , 43     
523 , 5779608, 376    , 381    , 42     , 43     
524 , 5779633, 376    , 381    , 42     , 43     
525 , 5779658, 376    , 381    , 42     , 43     
526 , 5779683, 380    , 381    , 45     , 39     
527 , 5779708, 380    , 381    , 45     , 39     
528 , 5779733, 380    , 381    , 45     , 39     
529 , 5779758, 380    , 381    , 45     , 39     
530 , 5779783, 381    , 381    , 45     , 39     
531 , 5779808, 381    , 381    , 45     , 39     
532 , 5779833, 381    , 381    , 45     , 39     
533 , 5779858, 381    , 381    , 45     , 39     
534 , 5779883, 378    , 380    , 40     , 39     
535 , 5779908, 378    , 380    , 40     , 39     
536 , 5779933, 378    , 380    , 40     , 39     
537 , 5779958, 378    , 380    , 40     , 39     
538 , 5779983, 380    , 380    , 43     , 39     
539 , 5780008, 380    , 380    , 43     , 39     
540 , 5780033, 380    , 380    , 43     , 39     
541 , 5780058, 380    , 380    , 43     , 39     
542 , 5780083, 381    , 381    , 43     , 39     
543 , 5780108, 381    , 381    , 43     , 39     
544 , 5780133, 381    , 381    , 43     , 39     
545 , 5780158, 381    , 381    , 43     , 39     
546 , 5780183, 336    , 328    , 40     , 39     
547 , 5780208, 336    , 328    , 40     , 39     
548 , 5780233, 336    , 328    , 40     , 39     
549 , 5780258, 336    , 328    , 40     , 39     
550 , 5780283, 296    , 298    , 89     , 97     
551 , 5780308, 296    , 298    , 89     , 97     
552 , 5780333, 296    , 298    , 89     , 97     
553 , 5780358, 296    , 298    , 89     , 97     
554 , 5780383, 306    , 301    , 110    , 110    
555 , 5780408, 306    , 301    , 110    , 110    
556 , 5780433, 306    , 301    , 110    , 110    
557 , 5780458, 306    , 301    , 110    , 110    
558 , 5780483, 326    , 323    , 106    , 110    
559 , 5780508, 326    , 323    , 106    , 110    
560 , 5780533, 326    , 323    , 106    , 110    
561 , 5780558, 326    , 323    , 106    , 110    
562 , 5780583, 350    , 346    , 91     , 93     
563 , 5780608, 350    , 346    , 91     , 93     
564 , 5780633, 350    , 346    , 91     , 93     
565 , 5780658, 350    , 346    , 91     , 93     
566 , 5780683, 368    , 366    , 70     , 73     
567 , 5780708, 368    , 366    , 70     , 73     
568 , 5780733, 368    , 366    , 70     , 73     
569 , 5780758, 368    , 366    , 70     , 73     
570 , 5780783, 386    , 381    , 53     , 54     
571 , 5780808, 386    , 381    , 53     , 54     
572 , 5780833, 386    , 381    , 53     , 54     
573 , 5780858, 386    , 381    , 53     , 54     
574 , 5780883, 393    , 391    , 34     , 39     
575 , 5780908, 393    , 391    , 34     , 39     
576 , 5780933, 393    , 391    , 34     , 39     
577 , 5780958, 393    , 391    , 34     , 39     
578 , 5780983, 391    , 395    , 26     , 28     
579 , 5781008, 391    , 395    , 26     , 28     
580 , 5781033, 391    , 395    , 26     , 28     
581 , 5781058, 391    , 395    , 26     , 28     
582 , 5781083, 390    , 393    , 27     , 23     
583 , 5781108, 390    , 393    , 27     , 23     
584 , 5781133, 390    , 393    , 27     , 23     
585 , 5781158, 390    , 393    , 27     , 23     
586 , 5781183, 391    , 391    , 27     , 23     
587 , 5781208, 391    , 391    , 27     , 23     
588 , 5781233, 391    , 391    , 27     , 23     
589 , 5781258, 391    , 391    , 27     , 23     
590 , 5781283, 385    , 386    , 25     , 24     
591 , 5781308, 385    , 386    , 25     , 24     
592 , 5781333, 385    , 386    , 25     , 24     
593 , 5781358, 385    , 386    , 25     , 24     
594 , 5781383, 381    , 388    , 31     , 29     
595 , 5781408, 381    , 388    , 31     , 29     
596 , 5781433, 381    , 388    , 31     , 29     
597 , 5781458, 381    , 388    , 31     , 29     
598 , 5781483, 378    , 381    , 35     , 26     
599 , 5781508, 378    , 381    , 35     , 26     
600 , 5781533, 378    , 381    , 35     , 26     
601 , 5781558, 378    , 381    , 35     , 26     
602 , 5781583, 373    , 380    , 38     , 33     
603 , 5781608, 373    , 380    , 38     , 33     
604 , 5781633, 373    , 380    , 38     , 33     
605 , 5781658, 373    , 380    , 38     , 33     
606 , 5781683, 373    , 375    , 43     , 33     
607 , 5781708, 373    , 375    , 43     , 33     
608 , 5781733, 373    , 375    , 43     , 33     
609 , 5781758, 373    , 375    , 43     , 33     
610 , 5781783, 376    , 373    , 44     , 39     
611 , 5781808, 376    , 373    , 44     , 39     
612 , 5781833, 376    , 373    , 44     , 39     
613 , 5781858, 376    , 373    , 44     , 39     
614 , 5781883, 373    , 375    , 41     , 42     
615 , 5781908, 373    , 375    , 41     , 42     
616 , 5781933, 373    , 375    , 41     , 42     
617 , 5781958, 373    , 375    , 41     , 42     
618 , 5781983, 380    , 366    , 45     , 41     
619 , 5782008, 380    , 366    , 45     , 41     
620 , 5782033, 380    , 366    , 45     , 41     
621 , 5782058, 380    , 366    , 45     , 41     
622 , 5782083, 375    , 373    , 45     , 51     
623 , 5782108, 375    , 373    , 45     , 51     
624 , 5782133, 375    , 373    , 45     , 51     
625 , 5782158, 375    , 373    , 45     , 51     
626 , 5782183, 375    , 373    , 44     , 44     
627 , 5782208, 375    , 373    , 44     , 44     
628 , 5782233, 375    , 373    , 44     , 44     
629 , 5782258, 375    , 373    , 44     , 44     
630 , 5782283, 316    , 311    , 44     , 45     
631 , 5782308, 316    , 311    , 44     , 45     
632 , 5782333, 316    , 311    , 44     , 45     
633 , 5782358, 316    , 311    , 44     , 45     
634 , 5782383, 291    , 291    , 109    , 110    
635 , 5782408, 291    , 291    , 109    , 110    
636 , 5782433, 291    , 291    , 109    , 110    
637 , 5782458, 291    , 291    , 109    , 110    
638 , 5782483, 305    , 296    , 110    , 110    
639 , 5782508, 305    , 296    , 110    , 110    
640 , 5782533, 305    , 296    , 110    , 110    
641 , 5782558, 305    , 296    , 110    , 110    
642 , 5782583, 323    , 323    , 102    , 110    
643 , 5782608, 323    , 323    , 102    , 110    
644 , 5782633, 323    , 323    , 102    , 110    
645 , 5782658, 323    , 323    , 102    , 110    
646 , 5782683, 350    , 341    , 89     , 88     
647 , 5782708, 350    , 341    , 89     , 88     
648 , 5782733, 350    , 341    , 89     , 88     
649 , 5782758, 350    , 341    , 89     , 88     
650 , 5782783, 370    , 368    , 65     , 73     
651 , 5782808, 370    , 368    , 65     , 73     
652 , 5782833, 370    , 368    , 65     , 73     
653 , 5782858, 370    , 368    , 65     , 73     
654 , 5782883, 383    , 385    , 46     , 47     
655 , 5782908, 383    , 385    , 46     , 47     
656 , 5782933, 383    , 385    , 46     , 47     
657 , 5782958, 383    , 385    , 46     , 47     
658 , 5782983, 388    , 391    , 33     , 30     
659 , 5783008, 388    , 391    , 33     , 30     
660 , 5783033, 388    , 391    , 33     , 30     
661 , 5783058, 388    , 391    , 33     , 30     
662 , 5783083, 388    , 393    , 27     , 23     
663 , 5783108, 388    , 393    , 27     , 23     
664 , 5783133, 388    , 393    , 27     , 23     
665 , 5783158, 388    , 393    , 27     , 23     
666 , 5783183, 386    , 391    , 26     , 20     
667 , 5783208, 386    , 391    , 26     , 20     
668 , 5783233, 386    , 391    , 26     , 20     
669 , 5783258, 386    , 391    , 26     , 20     
670 , 5783283, 386    , 390    , 28     , 21     
671 , 5783308, 386    , 390    , 28     , 21     
672 , 5783333, 386    , 390    , 28     , 21     
673 , 5783358, 386    , 390    , 28     , 21     
674 , 5783383, 381    , 385    , 27     , 21     
675 , 5783408, 381    , 385    , 27     , 21     
676 , 5783433, 381    , 385    , 27     , 21     
677 , 5783458, 381    , 385    , 27     , 21     
678 , 5783483, 376    , 383    , 32     , 25     
679 , 5783508, 376    , 383    , 32     , 25     
680 , 5783533, 376    , 383    , 32     , 25     
681 , 5783558, 376    , 383    , 32     , 25     
682 , 5783583, 375    , 376    , 37     , 27     
683 , 5783608, 375    , 376    , 37     , 27     
684 , 5783633, 375    , 376    , 37     , 27     
685 , 5783658, 375    , 376    , 37     , 27     
686 , 5783683, 373    , 368    , 39     , 34     
687 , 5783708, 373    , 368    , 39     , 34     
688 , 5783733, 373    , 368    , 39     , 34     
689 , 5783758, 373    , 368    , 39     , 34     
690 , 5783783, 371    , 365    , 42     , 43     
691 , 5783808, 371    , 365    , 42     , 43     
692 , 5783833, 371    , 365    , 42     , 43     
693 , 5783858, 371    , 365    , 42     , 43     
694 , 5783883, 375    , 360    , 44     , 48     
695 , 5783908, 375    , 360    , 44     , 48     
696 , 5783933, 375    , 360    , 44     , 48     
697 , 5783958, 375    , 360    , 44     , 48     
698 , 5783983, 371    , 361    , 41     , 55     
699 , 5784008, 371    , 361    , 41     , 55     
700 , 5784033, 371    , 361    , 41     , 55     
701 , 5784058, 371    , 361    , 41     , 55     
702 , 5784083, 373    , 363    , 46     , 55     
703 , 5784108, 373    , 363    , 46     , 55     
704 , 5784133, 373    , 363    , 46     , 55     
705 , 5784158, 373    , 363    , 46     , 55     
706 , 5784183, 290    , 291    , 44     , 55     
707 , 5784208, 290    , 291    , 44     , 55     
708 , 5784233, 290    , 291    , 44     , 55     
709 , 5784258, 290    , 291    , 44     , 55     
710 , 5784283, 295    , 300    , 110    , 110    
711 , 5784308, 295    , 300    , 110    , 110    
712 , 5784333, 295    , 300    , 110    , 110    
713 , 5784358, 295    , 300    , 110    , 110    
714 , 5784383, 306    , 308    , 110    , 108    
715 , 5784408, 306    , 308    , 110    , 108    
716 , 5784433, 306    , 308    , 110    , 108    
717 , 5784458, 306    , 308    , 110    , 108    
718 , 5784483, 328    , 333    , 105    , 106    
719 , 5784508, 328    , 333    , 105    , 106    
720 , 5784533, 328    , 333    , 105    , 106    
721 , 5784558, 328    , 333    , 105    , 106    
722 , 5784583, 351    , 356    , 88     , 85     
723 , 5784608, 351    , 356    , 88     , 85     
724 , 5784633, 351    , 356    , 88     , 85     
725 , 5784658, 351    , 356    , 88     , 85     
726 , 5784683, 373    , 376    , 67     , 65     
727 , 5784708, 373    , 376    , 67     , 65     
728 , 5784733, 373    , 376    , 67     , 65     
729 , 5784758, 373    , 376    , 67     , 65     
730 , 5784783, 390    , 391    , 46     , 45     
731 , 5784808, 390    , 391    , 46     , 45     
732 , 5784833, 390    , 391    , 46     , 45     
733 , 5784858, 390    , 391    , 46     , 45     
734 , 5784883, 391    , 396    , 28     , 29     
735 , 5784908, 391    , 396    , 28     , 29     
736 , 5784933, 391    , 396    , 28     , 29     
737 , 5784958, 391    , 396    , 28     , 29     
738 , 5784983, 398    , 396    , 26     , 23     
739 , 5785008, 398    , 396    , 26     , 23     
740 , 5785033, 398    , 396    , 26     , 23     
741 , 5785058, 398    , 396    , 26     , 23     
742 , 5785083, 393    , 393    , 18     , 21     
743 , 5785108, 393    , 393    , 18     , 21     
744 , 5785133, 393    , 393    , 18     , 21     
745 , 5785158, 393    , 393    , 18     , 21     
746 , 5785183, 386    , 391    , 21     , 23     
747 , 5785208, 386    , 391    , 21     , 23     
748 , 5785233, 386    , 391    , 21     , 23     
749 , 5785258, 386    , 391    , 21     , 23     
750 , 5785283, 386    , 388    , 28     , 24     
751 , 5785308, 386    , 388    , 28     , 24     
752 , 5785333, 386    , 388    , 28     , 24     
753 , 5785358, 386    , 388    , 28     , 24     
754 , 5785383, 378    , 385    , 27     , 26     
755 , 5785408, 378    , 385    , 27     , 26     
756 , 5785433, 378    , 385    , 27     , 26     
757 , 5785458, 378    , 385    , 27     , 26     
758 , 5785483, 375    , 381    , 36     , 29     
759 , 5785508, 375    , 381    , 36     , 29     
760 , 5785533, 375    , 381    , 36     , 29     
761 , 5785558, 375    , 381    , 36     , 29     
762 , 5785583, 368    , 380    , 39     , 33     
763 , 5785608, 368    , 380    , 39     , 33     
764 , 5785633, 368    , 380    , 39     , 33     
765 , 5785658, 368    , 380    , 39     , 33     
766 , 5785684, 370    , 373    , 47     , 33     
767 , 5785709, 370    , 373    , 47     , 33     
768 , 5785734, 370    , 373    , 47     , 33     
769 , 5785759, 370    , 373    , 47     , 33     
770 , 5785784, 368    , 371    , 46     , 41     
771 , 5785809, 368    , 371    , 46     , 41     
772 , 5785834, 368    , 371    , 46     , 41     
773 , 5785859, 368    , 371    , 46     , 41     
774 , 5785884, 368    , 370    , 49     , 44     
775 , 5785909, 368    , 370    , 49     , 44     
776 , 5785934, 368    , 370    , 49     , 44     
777 , 5785959, 368    , 370    , 49     , 44     
778 , 5785984, 373    , 370    , 50     , 46     
779 , 5786009, 373    , 370    , 50     , 46     
780 , 5786034, 373    , 370    , 50     , 46     
781 , 5786059, 373    , 370    , 50     , 46     
782 , 5786084, 373    , 373    , 46     , 47     
783 , 5786109, 373    , 373    , 46     , 47     
784 , 5786134, 373    , 373    , 46     , 47     
785 , 5786159, 373    , 373    , 46     , 47     
786 , 5786184, 378    , 371    , 46     , 45     
787 , 5786209, 378    , 371    , 46     , 45     
788 , 5786234, 378    , 371    , 46     , 45     
789 , 5786259, 378    , 371    , 46     , 45     
790 , 5786284, 376    , 375    , 42     , 47     
791 , 5786309, 376    , 375    , 42     , 47     
792 , 5786334, 376    , 375    , 42     , 47     
793 , 5786359, 376    , 375    , 42     , 47     
794 , 5786384, 378    , 375    , 44     , 44     
795 , 5786409, 378    , 375    , 44     , 44     
796 , 5786434, 378    , 375    , 44     , 44     
797 , 5786459, 378    , 375    , 44     , 44     
798 , 5786484, 378    , 380    , 42     , 44     
799 , 5786509, 378    , 380    , 42     , 44     
800 , 5786534, 378    , 380    , 42     , 44     
801 , 5786559, 378    , 380    , 42     , 44     
802 , 5786584, 380    , 378    , 42     , 44     
803 , 5786609, 380    , 378    , 42     , 44     
804 , 5786634, 380    , 378    , 42     , 44     
805 , 5786659, 380    , 378    , 42     , 44     
806 , 5786684, 380    , 383    , 42     , 41     
807 , 5786709, 380    , 383    , 42     , 41     
808 , 5786734, 380    , 383    , 42     , 41     
809 , 5786759, 380    , 383    , 42     , 41     
810 , 5786784, 378    , 380    , 42     , 36     
811 , 5786809, 378    , 380    , 42     , 36     
812 , 5786834, 378    , 380    , 42     , 36     
813 , 5786859, 378    , 380    , 42     , 36     
814 , 5786884, 381    , 380    , 42     , 36     
815 , 5786909, 381    , 380    , 42     , 36     
816 , 5786934, 381    , 380    , 42     , 36     
817 , 5786959, 381    , 380    , 42     , 36     
818 , 5786984, 378    , 378    , 39     , 36     
819 , 5787009, 378    , 378    , 39     , 36     
820 , 5787034, 378    , 378    , 39     , 36     
821 , 5787059, 378    , 378    , 39     , 36     
822 , 5787084, 376    , 380    , 43     , 41     
823 , 5787109, 376    , 380    , 43     , 41     
824 , 5787134, 376    , 380    , 43     , 41     
825 , 5787159, 376    , 380    , 43     , 41     
826 , 5787184, 381    , 376    , 45     , 41     
827 , 5787209, 381    , 376    , 45     , 41     
828 , 5787234, 381    , 376    , 45     , 41     
829 , 5787259, 381    , 376    , 45     , 41     
830 , 5787284, 381    , 380    , 40     , 44     
831 , 5787309, 381    , 380    , 40     , 44     
832 , 5787334, 381    , 380    , 40     , 44     
833 , 5787359, 381    , 380    , 40     , 44     
834 , 5787384, 376    , 378    , 40     , 44     
835 , 5787409, 376    , 378    , 40     , 44     
836 , 5787434, 376    , 378    , 40     , 44     
837 , 5787459, 376    , 378    , 40     , 44     
838 , 5787484, 378    , 378    , 45     , 42     
839 , 5787509, 378    , 378    , 45     , 42     
840 , 5787534, 378    , 378    , 45     , 42     
841 , 5787559, 378    , 378    , 45     , 42     
842 , 5787584, 376    , 381    , 43     , 42     
843 , 5787609, 376    , 381    , 43     , 42     
844 , 5787634, 376    , 381    , 43     , 42     
845 , 5787659, 376    , 381    , 43     , 42     
846 , 5787684, 381    , 383    , 46     , 39     
847 , 5787709, 381    , 383    , 46     , 39     
848 , 5787734, 381    , 383    , 46     , 39     
849 , 5787759, 381    , 383    , 46     , 39     
850 , 5787784, 378    , 381    , 41     , 37     
851 , 5787809, 378    , 381    , 41     , 37     
852 , 5787834, 378    , 381    , 41     , 37     
853 , 5787859, 378    , 381    , 41     , 37     
854 , 5787884, 378    , 380    , 44     , 39     
855 , 5787909, 378    , 380    , 44     , 39     
856 , 5787934, 378    , 380    , 44     , 39     
857 , 5787959, 378    , 380    , 44     , 39     
858 , 5787984, 385    , 380    , 44     , 39     
859 , 5788009, 385    , 380    , 44     , 39     
860 , 5788034, 385    , 380    , 44     , 39     
861 , 5788059, 385    , 380    , 44     , 39     
862 , 5788084, 381    , 381    , 36     , 39     
863 , 5788109, 381    , 381    , 36     , 39     
864 , 5788134, 381    , 381    , 36     , 39     
865 , 5788159, 381    , 381    , 36     , 39     
866 , 5788184, 380    , 381    , 40     , 39     
867 , 5788209, 380    , 381    , 40     , 39     
868 , 5788234, 380    , 381    , 40     , 39     
869 , 5788259, 380    , 381    , 40     , 39     
870 , 5788284, 380    , 378    , 40     , 38     
871 , 5788309, 380    , 378    , 40     , 38     
872 , 5788334, 380    , 378    , 40     , 38     
873 , 5788359, 380    , 378    , 40     , 38     
874 , 5788384, 378    , 380    , 40     , 42     
875 , 5788409, 378    , 380    , 40     , 42     
876 , 5788434, 378    , 380    , 40     , 42     
877 , 5788459, 378    , 380    , 40     , 42     
878 , 5788484, 378    , 378    , 44     , 42     
879 , 5788509, 378    , 378    , 44     , 42     
880 , 5788534, 378    , 378    , 44     , 42     
881 , 5788559, 378    , 378    , 44     , 42     
882 , 5788584, 381    , 383    , 44     , 42     
883 , 5788609, 381    , 383    , 44     , 42     
884 , 5788634, 381    , 383    , 44     , 42     
885 , 5788659, 381    , 383    , 44     , 42     
886 , 5788684, 378    , 380    , 41     , 37     
887 , 5788709, 378    , 380    , 41     , 37     
888 , 5788734, 378    , 380    , 41     , 37     
889 , 5788759, 378    , 380    , 41     , 37     
890 , 5788784, 381    , 380    , 44     , 37     
891 , 5788809, 381    , 380    , 44     , 37     
892 , 5788834, 381    , 380    , 44     , 37     
893 , 5788859, 381    , 380    , 44     , 37     
894 , 5788884, 380    , 378    , 41     , 37     
895 , 5788909, 380    , 378    , 41     , 37     
896 , 5788934, 380    , 378    , 41     , 37     
897 , 5788959, 380    , 378    , 41     , 37     
898 , 5788984, 380    , 378    , 41     , 42     
899 , 5789009, 380    , 378    , 41     , 42     
900 , 5789034, 380    , 378    , 41     , 42     
901 , 5789059, 380    , 378    , 41     , 42     
902 , 5789084, 381    , 380    , 41     , 42     
903 , 5789109, 381    , 380    , 41     , 42     
904 , 5789134, 381    , 380    , 41     , 42     
