0   , 900589 , 290    , 258    , 120    , 120    , 10     
1   , 900639 , 276    , 256    , 120    , 120    , 10     
2   , 900689 , 276    , 256    , 120    , 120    , 10     
3   , 900739 , 296    , 271    , 120    , 120    , 10     
4   , 900789 , 296    , 271    , 120    , 120    , 10     
5   , 900839 , 320    , 296    , 108    , 111    , 10     
6   , 900889 , 320    , 296    , 108    , 111    , 10     
7   , 900939 , 346    , 323    , 94     , 94     , 10     
8   , 900989 , 346    , 323    , 94     , 94     , 10     
9   , 901039 , 371    , 345    , 77     , 74     , 10     
10  , 901089 , 371    , 345    , 77     , 74     , 10     
11  , 901139 , 390    , 360    , 60     , 58     , 10     
12  , 901189 , 390    , 360    , 60     , 58     , 10     
13  , 901239 , 403    , 376    , 48     , 48     , 10     
14  , 901289 , 403    , 376    , 48     , 48     , 10     
15  , 901339 , 406    , 375    , 40     , 37     , 10     
16  , 901389 , 406    , 375    , 40     , 37     , 10     
17  , 901439 , 405    , 375    , 39     , 40     , 10     
18  , 901489 , 405    , 375    , 39     , 40     , 10     
19  , 901539 , 405    , 373    , 41     , 42     , 10     
20  , 901589 , 405    , 373    , 41     , 42     , 10     
21  , 901639 , 403    , 376    , 43     , 46     , 10     
22  , 901689 , 403    , 376    , 43     , 46     , 10     
23  , 901739 , 400    , 376    , 46     , 46     , 10     
24  , 901789 , 400    , 376    , 46     , 46     , 10     
25  , 901839 , 398    , 380    , 50     , 48     , 10     
26  , 901889 , 398    , 380    , 50     , 48     , 10     
27  , 901939 , 400    , 375    , 53     , 46     , 10     
28  , 901989 , 400    , 375    , 53     , 46     , 10     
29  , 902039 , 400    , 376    , 53     , 53     , 10     
30  , 902089 , 400    , 376    , 53     , 53     , 10     
31  , 902139 , 401    , 376    , 55     , 54     , 10     
32  , 902189 , 401    , 376    , 55     , 54     , 10     
33  , 902239 , 411    , 378    , 55     , 57     , 10     
34  , 902289 , 411    , 378    , 55     , 57     , 10     
35  , 902339 , 406    , 376    , 49     , 57     , 10     
36  , 902389 , 406    , 376    , 49     , 57     , 10     
37  , 902439 , 410    , 380    , 55     , 61     , 10     
38  , 902489 , 410    , 380    , 55     , 61     , 10     
39  , 902539 , 411    , 385    , 53     , 60     , 10     
40  , 902589 , 411    , 385    , 53     , 60     , 10     
41  , 902639 , 418    , 383    , 54     , 57     , 10     
42  , 902689 , 418    , 383    , 54     , 57     , 10     
43  , 902739 , 421    , 383    , 49     , 61     , 10     
44  , 902789 , 421    , 383    , 49     , 61     , 10     
45  , 902839 , 421    , 386    , 48     , 63     , 10     
46  , 902889 , 421    , 386    , 48     , 63     , 10     
47  , 902939 , 426    , 390    , 49     , 63     , 10     
48  , 902989 , 426    , 390    , 49     , 63     , 10     
49  , 903039 , 426    , 388    , 47     , 61     , 10     
50  , 903089 , 426    , 388    , 47     , 61     , 10     
51  , 903139 , 430    , 398    , 48     , 65     , 10     
52  , 903190 , 430    , 398    , 48     , 65     , 10     
53  , 903240 , 426    , 400    , 46     , 58     , 10     
54  , 903290 , 426    , 400    , 46     , 58     , 10     
55  , 903340 , 428    , 401    , 50     , 58     , 10     
56  , 903390 , 428    , 401    , 50     , 58     , 10     
57  , 903440 , 431    , 406    , 49     , 58     , 10     
58  , 903490 , 431    , 406    , 49     , 58     , 10     
59  , 903540 , 426    , 408    , 48     , 56     , 10     
60  , 903590 , 426    , 408    , 48     , 56     , 10     
61  , 903640 , 430    , 408    , 53     , 55     , 10     
62  , 903690 , 430    , 408    , 53     , 55     , 10     
63  , 903740 , 433    , 410    , 51     , 57     , 10     
64  , 903790 , 433    , 410    , 51     , 57     , 10     
65  , 903840 , 438    , 406    , 49     , 57     , 10     
66  , 903890 , 438    , 406    , 49     , 57     , 10     
67  , 903940 , 438    , 406    , 46     , 61     , 10     
68  , 903990 , 438    , 406    , 46     , 61     , 10     
69  , 904040 , 438    , 413    , 47     , 63     , 10     
70  , 904090 , 438    , 413    , 47     , 63     , 10     
71  , 904140 , 431    , 415    , 48     , 58     , 10     
72  , 904190 , 431    , 415    , 48     , 58     , 10     
73  , 904240 , 428    , 423    , 54     , 58     , 10     
74  , 904290 , 428    , 423    , 54     , 58     , 10     
75  , 904340 , 428    , 425    , 57     , 52     , 10     
76  , 904390 , 428    , 425    , 57     , 52     , 10     
77  , 904440 , 433    , 426    , 58     , 51     , 10     
78  , 904490 , 433    , 426    , 58     , 51     , 10     
79  , 904540 , 431    , 426    , 55     , 52     , 10     
80  , 904590 , 431    , 426    , 55     , 52     , 10     
81  , 904640 , 435    , 428    , 58     , 53     , 10     
82  , 904690 , 435    , 428    , 58     , 53     , 10     
83  , 904740 , 436    , 425    , 55     , 52     , 10     
84  , 904790 , 436    , 425    , 55     , 52     , 10     
85  , 904840 , 443    , 426    , 55     , 56     , 10     
86  , 904890 , 443    , 426    , 55     , 56     , 10     
87  , 904940 , 443    , 425    , 51     , 56     , 10     
88  , 904990 , 443    , 425    , 51     , 56     , 10     
89  , 905040 , 440    , 431    , 51     , 58     , 10     
90  , 905090 , 440    , 431    , 51     , 58     , 10     
91  , 905140 , 443    , 426    , 54     , 53     , 10     
92  , 905190 , 443    , 426    , 54     , 53     , 10     
93  , 905240 , 446    , 426    , 53     , 59     , 10     
94  , 905290 , 446    , 426    , 53     , 59     , 10     
95  , 906390 , 450    , 426    , 51     , 60     , 10     
96  , 906440 , 450    , 426    , 51     , 60     , 10     
97  , 906490 , 450    , 426    , 51     , 60     , 10     
98  , 906540 , 450    , 426    , 51     , 60     , 10     
99  , 906590 , 450    , 426    , 51     , 60     , 10     
100 , 906640 , 450    , 426    , 51     , 60     , 10     
101 , 906690 , 450    , 426    , 51     , 60     , 10     
102 , 906740 , 450    , 426    , 51     , 60     , 10     
103 , 906790 , 450    , 426    , 51     , 60     , 10     
104 , 906840 , 450    , 426    , 51     , 60     , 10     
105 , 906890 , 450    , 426    , 51     , 60     , 10     
106 , 906941 , 392    , 362    , 120    , 120    , 160    
107 , 906992 , 392    , 362    , 120    , 120    , 160    
108 , 907042 , 378    , 345    , 0      , 0      , 10     
109 , 907092 , 378    , 345    , 0      , 0      , 10     
110 , 907142 , 393    , 360    , 10     , 13     , 10     
111 , 907192 , 393    , 360    , 10     , 13     , 10     
112 , 907242 , 383    , 348    , 8      , 12     , 10     
113 , 907292 , 383    , 348    , 8      , 12     , 10     
114 , 907342 , 353    , 313    , 16     , 23     , 10     
115 , 907392 , 353    , 313    , 16     , 23     , 10     
116 , 907442 , 350    , 298    , 34     , 45     , 10     
117 , 907492 , 350    , 298    , 34     , 45     , 10     
118 , 907542 , 350    , 295    , 41     , 60     , 10     
119 , 907592 , 350    , 295    , 41     , 60     , 10     
120 , 907642 , 351    , 303    , 47     , 70     , 10     
121 , 907692 , 351    , 303    , 47     , 70     , 10     
122 , 907742 , 351    , 311    , 53     , 75     , 10     
123 , 907792 , 351    , 311    , 53     , 75     , 10     
124 , 907842 , 355    , 326    , 58     , 80     , 10     
125 , 907892 , 355    , 326    , 58     , 80     , 10     
126 , 907942 , 358    , 348    , 63     , 81     , 10     
127 , 907992 , 358    , 348    , 63     , 81     , 10     
128 , 908042 , 358    , 361    , 67     , 78     , 10     
129 , 908092 , 358    , 361    , 67     , 78     , 10     
130 , 908142 , 368    , 386    , 73     , 78     , 10     
131 , 908192 , 368    , 386    , 73     , 78     , 10     
132 , 908242 , 375    , 395    , 74     , 72     , 10     
133 , 908292 , 375    , 395    , 74     , 72     , 10     
134 , 908342 , 388    , 413    , 76     , 72     , 10     
135 , 908392 , 388    , 413    , 76     , 72     , 10     
136 , 908442 , 398    , 408    , 75     , 67     , 10     
137 , 908492 , 398    , 408    , 75     , 67     , 10     
138 , 908542 , 410    , 418    , 74     , 73     , 10     
139 , 908592 , 410    , 418    , 74     , 73     , 10     
140 , 908642 , 423    , 423    , 72     , 71     , 10     
141 , 908692 , 423    , 423    , 72     , 71     , 10     
142 , 908742 , 435    , 421    , 69     , 71     , 10     
143 , 908792 , 435    , 421    , 69     , 71     , 10     
144 , 908842 , 446    , 423    , 66     , 75     , 10     
145 , 908892 , 446    , 423    , 66     , 75     , 10     
146 , 908942 , 450    , 431    , 63     , 76     , 10     
147 , 908992 , 450    , 431    , 63     , 76     , 10     
148 , 909042 , 448    , 441    , 63     , 75     , 10     
149 , 909092 , 448    , 441    , 63     , 75     , 10     
150 , 909142 , 446    , 448    , 65     , 72     , 10     
151 , 909192 , 446    , 448    , 65     , 72     , 10     
152 , 909242 , 448    , 461    , 67     , 70     , 10     
153 , 909292 , 448    , 461    , 67     , 70     , 10     
154 , 909342 , 451    , 456    , 67     , 66     , 10     
155 , 909392 , 451    , 456    , 67     , 66     , 10     
156 , 909442 , 458    , 460    , 67     , 68     , 10     
157 , 909492 , 458    , 460    , 67     , 68     , 10     
158 , 909542 , 455    , 465    , 64     , 67     , 10     
159 , 909592 , 455    , 465    , 64     , 67     , 10     
160 , 909642 , 466    , 463    , 66     , 65     , 10     
161 , 909692 , 466    , 463    , 66     , 65     , 10     
162 , 909742 , 466    , 466    , 62     , 67     , 10     
163 , 909792 , 466    , 466    , 62     , 67     , 10     
164 , 909842 , 468    , 465    , 62     , 66     , 10     
165 , 909892 , 468    , 465    , 62     , 66     , 10     
166 , 909942 , 470    , 470    , 62     , 66     , 10     
167 , 909992 , 470    , 470    , 62     , 66     , 10     
168 , 910042 , 470    , 466    , 62     , 66     , 10     
169 , 910092 , 470    , 466    , 62     , 66     , 10     
170 , 910142 , 473    , 471    , 62     , 66     , 10     
171 , 910192 , 473    , 471    , 62     , 66     , 10     
172 , 910242 , 476    , 470    , 59     , 64     , 10     
173 , 910292 , 476    , 470    , 59     , 64     , 10     
174 , 910342 , 476    , 468    , 57     , 64     , 10     
175 , 910392 , 476    , 468    , 57     , 64     , 10     
176 , 910442 , 478    , 470    , 57     , 67     , 10     
177 , 910492 , 478    , 470    , 57     , 67     , 10     
178 , 910542 , 478    , 468    , 55     , 67     , 10     
179 , 910592 , 478    , 468    , 55     , 67     , 10     
180 , 910642 , 481    , 470    , 55     , 67     , 10     
181 , 910692 , 481    , 470    , 55     , 67     , 10     
182 , 910742 , 481    , 470    , 53     , 67     , 10     
183 , 910792 , 481    , 470    , 53     , 67     , 10     
184 , 910842 , 476    , 473    , 52     , 67     , 10     
185 , 910892 , 476    , 473    , 52     , 67     , 10     
186 , 910942 , 480    , 470    , 56     , 62     , 10     
187 , 910992 , 480    , 470    , 56     , 62     , 10     
188 , 911042 , 481    , 476    , 53     , 62     , 10     
189 , 911092 , 481    , 476    , 53     , 62     , 10     
190 , 911142 , 480    , 471    , 52     , 60     , 10     
191 , 911192 , 480    , 471    , 52     , 60     , 10     
192 , 911242 , 481    , 475    , 52     , 64     , 10     
193 , 911292 , 481    , 475    , 52     , 64     , 10     
194 , 911342 , 478    , 475    , 51     , 60     , 10     
195 , 911392 , 478    , 475    , 51     , 60     , 10     
196 , 911442 , 475    , 473    , 53     , 60     , 10     
197 , 911492 , 475    , 473    , 53     , 60     , 10     
198 , 911542 , 480    , 475    , 55     , 62     , 10     
199 , 911592 , 480    , 475    , 55     , 62     , 10     
200 , 911642 , 476    , 475    , 51     , 60     , 10     
201 , 911692 , 476    , 475    , 51     , 60     , 10     
202 , 911742 , 476    , 476    , 54     , 60     , 10     
203 , 911792 , 476    , 476    , 54     , 60     , 10     
204 , 911842 , 478    , 473    , 54     , 59     , 10     
205 , 911892 , 478    , 473    , 54     , 59     , 10     
206 , 911942 , 475    , 478    , 52     , 61     , 10     
207 , 911992 , 475    , 478    , 52     , 61     , 10     
208 , 912042 , 478    , 471    , 55     , 57     , 10     
209 , 912092 , 478    , 471    , 55     , 57     , 10     
210 , 912142 , 480    , 471    , 52     , 63     , 10     
211 , 912192 , 480    , 471    , 52     , 63     , 10     
212 , 912242 , 476    , 473    , 50     , 63     , 10     
213 , 912292 , 476    , 473    , 50     , 63     , 10     
214 , 912342 , 478    , 473    , 53     , 61     , 10     
215 , 912392 , 478    , 473    , 53     , 61     , 10     
216 , 912442 , 476    , 475    , 52     , 61     , 10     
217 , 912492 , 476    , 475    , 52     , 61     , 10     
218 , 912542 , 475    , 473    , 53     , 59     , 10     
219 , 912592 , 475    , 473    , 53     , 59     , 10     
220 , 912642 , 475    , 475    , 54     , 61     , 10     
221 , 912692 , 475    , 475    , 54     , 61     , 10     
222 , 912742 , 476    , 473    , 53     , 59     , 10     
223 , 912792 , 476    , 473    , 53     , 59     , 10     
224 , 912842 , 475    , 475    , 53     , 61     , 10     
225 , 912892 , 475    , 475    , 53     , 61     , 10     
226 , 912942 , 471    , 473    , 53     , 59     , 10     
227 , 912992 , 471    , 473    , 53     , 59     , 10     
228 , 913042 , 473    , 473    , 56     , 60     , 10     
229 , 913092 , 473    , 473    , 56     , 60     , 10     
230 , 913142 , 473    , 471    , 55     , 60     , 10     
231 , 913192 , 473    , 471    , 55     , 60     , 10     
232 , 913242 , 473    , 476    , 55     , 62     , 10     
233 , 913292 , 473    , 476    , 55     , 62     , 10     
234 , 913342 , 473    , 471    , 54     , 58     , 10     
235 , 913392 , 473    , 471    , 54     , 58     , 10     
236 , 913442 , 475    , 470    , 54     , 62     , 10     
237 , 913492 , 475    , 470    , 54     , 62     , 10     
238 , 913542 , 480    , 470    , 53     , 62     , 10     
239 , 913592 , 480    , 470    , 53     , 62     , 10     
240 , 913642 , 473    , 470    , 49     , 62     , 10     
241 , 913692 , 473    , 470    , 49     , 62     , 10     
242 , 913742 , 476    , 470    , 54     , 62     , 10     
243 , 913792 , 476    , 470    , 54     , 62     , 10     
244 , 913842 , 475    , 471    , 52     , 62     , 10     
245 , 913892 , 475    , 471    , 52     , 62     , 10     
246 , 913942 , 475    , 470    , 52     , 62     , 10     
247 , 913992 , 475    , 470    , 52     , 62     , 10     
248 , 914042 , 475    , 470    , 52     , 62     , 10     
249 , 914092 , 475    , 470    , 52     , 62     , 10     
250 , 914142 , 475    , 473    , 52     , 62     , 10     
251 , 914192 , 475    , 473    , 52     , 62     , 10     
252 , 914242 , 475    , 470    , 52     , 60     , 10     
253 , 914292 , 475    , 470    , 52     , 60     , 10     
254 , 914342 , 473    , 470    , 52     , 60     , 10     
255 , 914392 , 473    , 470    , 52     , 60     , 10     
256 , 914442 , 475    , 471    , 53     , 60     , 10     
257 , 914492 , 475    , 471    , 53     , 60     , 10     
258 , 914542 , 475    , 470    , 52     , 62     , 10     
259 , 914592 , 475    , 470    , 52     , 62     , 10     
260 , 914642 , 471    , 471    , 51     , 62     , 10     
261 , 914692 , 471    , 471    , 51     , 62     , 10     
262 , 914742 , 471    , 473    , 54     , 62     , 10     
263 , 914792 , 471    , 473    , 54     , 62     , 10     
264 , 914842 , 471    , 470    , 54     , 60     , 10     
265 , 914892 , 471    , 470    , 54     , 60     , 10     
266 , 914942 , 470    , 471    , 54     , 60     , 10     
267 , 914992 , 470    , 471    , 54     , 60     , 10     
268 , 915042 , 471    , 473    , 54     , 62     , 10     
269 , 915092 , 471    , 473    , 54     , 62     , 10     
270 , 915142 , 470    , 471    , 54     , 60     , 10     
271 , 915192 , 470    , 471    , 54     , 60     , 10     
272 , 915242 , 471    , 468    , 54     , 61     , 10     
273 , 915292 , 471    , 468    , 54     , 61     , 10     
274 , 915342 , 466    , 471    , 54     , 64     , 10     
275 , 915392 , 466    , 471    , 54     , 64     , 10     
276 , 915442 , 468    , 473    , 58     , 62     , 10     
277 , 915492 , 468    , 473    , 58     , 62     , 10     
278 , 915542 , 470    , 471    , 57     , 60     , 10     
279 , 915592 , 470    , 471    , 57     , 60     , 10     
280 , 915642 , 466    , 471    , 57     , 61     , 10     
281 , 915692 , 466    , 471    , 57     , 61     , 10     
282 , 915742 , 466    , 470    , 58     , 61     , 10     
283 , 915792 , 466    , 470    , 58     , 61     , 10     
284 , 915842 , 473    , 470    , 58     , 61     , 10     
285 , 915892 , 473    , 470    , 58     , 61     , 10     
286 , 915942 , 468    , 466    , 53     , 61     , 10     
287 , 915992 , 468    , 466    , 53     , 61     , 10     
288 , 916042 , 473    , 470    , 57     , 65     , 10     
289 , 916092 , 473    , 470    , 57     , 65     , 10     
290 , 916142 , 473    , 470    , 53     , 65     , 10     
291 , 916192 , 473    , 470    , 53     , 65     , 10     
292 , 916242 , 471    , 463    , 53     , 65     , 10     
293 , 916292 , 471    , 463    , 53     , 65     , 10     
294 , 916342 , 475    , 466    , 54     , 68     , 10     
295 , 916392 , 475    , 466    , 54     , 68     , 10     
296 , 916442 , 476    , 466    , 51     , 66     , 10     
297 , 916492 , 476    , 466    , 51     , 66     , 10     
298 , 916542 , 478    , 463    , 50     , 66     , 10     
299 , 916592 , 478    , 463    , 50     , 66     , 10     
300 , 916642 , 476    , 470    , 49     , 68     , 10     
301 , 916692 , 476    , 470    , 49     , 68     , 10     
302 , 916742 , 475    , 468    , 50     , 68     , 10     
303 , 916792 , 475    , 468    , 50     , 68     , 10     
304 , 916842 , 475    , 471    , 51     , 64     , 10     
305 , 916892 , 475    , 471    , 51     , 64     , 10     
306 , 916942 , 476    , 470    , 51     , 62     , 10     
307 , 916992 , 476    , 470    , 51     , 62     , 10     
308 , 917042 , 473    , 471    , 50     , 62     , 10     
309 , 917092 , 473    , 471    , 50     , 62     , 10     
310 , 917142 , 473    , 471    , 52     , 62     , 10     
311 , 917192 , 473    , 471    , 52     , 62     , 10     
312 , 917242 , 475    , 476    , 52     , 62     , 10     
313 , 917292 , 475    , 476    , 52     , 62     , 10     
314 , 917342 , 475    , 470    , 50     , 58     , 10     
315 , 917392 , 475    , 470    , 50     , 58     , 10     
316 , 917442 , 473    , 473    , 50     , 58     , 10     
317 , 917492 , 473    , 473    , 50     , 58     , 10     
318 , 917542 , 470    , 473    , 52     , 60     , 10     
319 , 917592 , 470    , 473    , 52     , 60     , 10     
320 , 917642 , 470    , 471    , 52     , 60     , 10     
321 , 917692 , 470    , 471    , 52     , 60     , 10     
322 , 917742 , 471    , 473    , 52     , 62     , 10     
323 , 917792 , 471    , 473    , 52     , 62     , 10     
324 , 917842 , 473    , 471    , 53     , 60     , 10     
325 , 917892 , 473    , 471    , 53     , 60     , 10     
326 , 917942 , 471    , 473    , 51     , 62     , 10     
327 , 917992 , 471    , 473    , 51     , 62     , 10     
328 , 918042 , 473    , 470    , 53     , 60     , 10     
329 , 918092 , 473    , 470    , 53     , 60     , 10     
330 , 918142 , 468    , 473    , 51     , 60     , 10     
331 , 918192 , 468    , 473    , 51     , 60     , 10     
332 , 918242 , 475    , 473    , 55     , 60     , 10     
333 , 918292 , 475    , 473    , 55     , 60     , 10     
334 , 918342 , 471    , 470    , 50     , 60     , 10     
335 , 918392 , 471    , 470    , 50     , 60     , 10     
336 , 918442 , 473    , 471    , 53     , 60     , 10     
337 , 918492 , 473    , 471    , 53     , 60     , 10     
338 , 918542 , 473    , 470    , 51     , 61     , 10     
339 , 918592 , 473    , 470    , 51     , 61     , 10     
340 , 918642 , 473    , 471    , 51     , 61     , 10     
341 , 918692 , 473    , 471    , 51     , 61     , 10     
342 , 918742 , 471    , 470    , 51     , 61     , 10     
343 , 918792 , 471    , 470    , 51     , 61     , 10     
344 , 918842 , 473    , 471    , 53     , 61     , 10     
345 , 918892 , 473    , 471    , 53     , 61     , 10     
346 , 918942 , 473    , 471    , 28     , 38     , 10     
347 , 918992 , 473    , 471    , 28     , 38     , 10     
348 , 919042 , 466    , 470    , 27     , 37     , 10     
349 , 919092 , 466    , 470    , 27     , 37     , 10     
350 , 919142 , 466    , 463    , 31     , 37     , 10     
351 , 919192 , 466    , 463    , 31     , 37     , 10     
352 , 919242 , 466    , 460    , 31     , 42     , 10     
353 , 919292 , 466    , 460    , 31     , 42     , 10     
354 , 919342 , 460    , 460    , 30     , 44     , 10     
355 , 919392 , 460    , 460    , 30     , 44     , 10     
356 , 919442 , 456    , 453    , 34     , 43     , 10     
357 , 919492 , 456    , 453    , 34     , 43     , 10     
358 , 919542 , 450    , 450    , 37     , 48     , 10     
359 , 919592 , 450    , 450    , 37     , 48     , 10     
360 , 919642 , 450    , 448    , 41     , 50     , 10     
361 , 919692 , 450    , 448    , 41     , 50     , 10     
362 , 919742 , 445    , 445    , 41     , 52     , 10     
363 , 919792 , 445    , 445    , 41     , 52     , 10     
364 , 919842 , 445    , 443    , 45     , 54     , 10     
365 , 919892 , 445    , 443    , 45     , 54     , 10     
366 , 919942 , 445    , 443    , 45     , 55     , 10     
367 , 919992 , 445    , 443    , 45     , 55     , 10     
368 , 920042 , 443    , 443    , 44     , 55     , 10     
369 , 920092 , 443    , 443    , 44     , 55     , 10     
370 , 920142 , 443    , 441    , 46     , 55     , 10     
371 , 920192 , 443    , 441    , 46     , 55     , 10     
372 , 920242 , 438    , 441    , 46     , 57     , 10     
373 , 920292 , 438    , 441    , 46     , 57     , 10     
374 , 920342 , 440    , 443    , 50     , 57     , 10     
375 , 920392 , 440    , 443    , 50     , 57     , 10     
376 , 920442 , 443    , 443    , 50     , 55     , 10     
377 , 920492 , 443    , 443    , 50     , 55     , 10     
378 , 920542 , 440    , 443    , 46     , 55     , 10     
379 , 920592 , 440    , 443    , 46     , 55     , 10     
380 , 920642 , 441    , 441    , 46     , 55     , 10     
381 , 920692 , 441    , 441    , 46     , 55     , 10     
382 , 920742 , 441    , 445    , 47     , 56     , 10     
383 , 920792 , 441    , 445    , 47     , 56     , 10     
384 , 920842 , 443    , 443    , 47     , 53     , 10     
385 , 920892 , 443    , 443    , 47     , 53     , 10     
386 , 920942 , 440    , 440    , 46     , 55     , 10     
387 , 920992 , 440    , 440    , 46     , 55     , 10     
388 , 921042 , 440    , 443    , 46     , 55     , 10     
389 , 921092 , 440    , 443    , 46     , 55     , 10     
390 , 921142 , 433    , 433    , 46     , 55     , 10     
391 , 921192 , 433    , 433    , 46     , 55     , 10     
392 , 921242 , 341    , 348    , 53     , 62     , 10     
393 , 921292 , 341    , 348    , 53     , 62     , 10     
394 , 921342 , 351    , 355    , 120    , 120    , 10     
395 , 921392 , 351    , 355    , 120    , 120    , 10     
396 , 921442 , 356    , 363    , 114    , 116    , 10     
397 , 921492 , 356    , 363    , 114    , 116    , 10     
398 , 921542 , 380    , 381    , 112    , 112    , 10     
399 , 921592 , 380    , 381    , 112    , 112    , 10     
400 , 921642 , 400    , 400    , 95     , 100    , 10     
401 , 921692 , 400    , 400    , 95     , 100    , 10     
402 , 921742 , 423    , 416    , 81     , 86     , 10     
403 , 921792 , 423    , 416    , 81     , 86     , 10     
404 , 921842 , 433    , 430    , 64     , 75     , 10     
405 , 921892 , 433    , 430    , 64     , 75     , 10     
406 , 921942 , 446    , 441    , 57     , 64     , 10     
407 , 921992 , 446    , 441    , 57     , 64     , 10     
408 , 922042 , 450    , 448    , 47     , 56     , 10     
409 , 922092 , 450    , 448    , 47     , 56     , 10     
410 , 922142 , 451    , 451    , 43     , 50     , 10     
411 , 922192 , 451    , 451    , 43     , 50     , 10     
412 , 922242 , 451    , 446    , 42     , 48     , 10     
413 , 922292 , 451    , 446    , 42     , 48     , 10     
414 , 922342 , 446    , 448    , 42     , 52     , 10     
415 , 922392 , 446    , 448    , 42     , 52     , 10     
416 , 922442 , 448    , 445    , 46     , 50     , 10     
417 , 922492 , 448    , 445    , 46     , 50     , 10     
418 , 922542 , 448    , 446    , 44     , 52     , 10     
419 , 922592 , 448    , 446    , 44     , 52     , 10     
420 , 922642 , 445    , 443    , 44     , 51     , 10     
421 , 922692 , 445    , 443    , 44     , 51     , 10     
422 , 922742 , 445    , 443    , 46     , 53     , 10     
423 , 922792 , 445    , 443    , 46     , 53     , 10     
424 , 922842 , 443    , 441    , 46     , 53     , 10     
425 , 922892 , 443    , 441    , 46     , 53     , 10     
426 , 922942 , 443    , 441    , 47     , 55     , 10     
427 , 922992 , 443    , 441    , 47     , 55     , 10     
428 , 923042 , 443    , 441    , 47     , 55     , 10     
429 , 923092 , 443    , 441    , 47     , 55     , 10     
430 , 923142 , 445    , 441    , 47     , 55     , 10     
431 , 923192 , 445    , 441    , 47     , 55     , 10     
432 , 923242 , 441    , 440    , 46     , 55     , 10     
433 , 923292 , 441    , 440    , 46     , 55     , 10     
434 , 923342 , 443    , 441    , 49     , 55     , 10     
435 , 923392 , 443    , 441    , 49     , 55     , 10     
436 , 923442 , 441    , 440    , 47     , 55     , 10     
437 , 923492 , 441    , 440    , 47     , 55     , 10     
438 , 923542 , 445    , 441    , 49     , 55     , 10     
439 , 923592 , 445    , 441    , 49     , 55     , 10     
440 , 923642 , 441    , 443    , 45     , 55     , 10     
441 , 923692 , 441    , 443    , 45     , 55     , 10     
442 , 923742 , 440    , 436    , 48     , 53     , 10     
443 , 923792 , 440    , 436    , 48     , 53     , 10     
444 , 923842 , 441    , 441    , 48     , 58     , 10     
445 , 923892 , 441    , 441    , 48     , 58     , 10     
446 , 923942 , 443    , 441    , 48     , 55     , 10     
447 , 923992 , 443    , 441    , 48     , 55     , 10     
448 , 924042 , 441    , 440    , 47     , 55     , 10     
449 , 924092 , 441    , 440    , 47     , 55     , 10     
450 , 924142 , 443    , 440    , 48     , 55     , 10     
451 , 924192 , 443    , 440    , 48     , 55     , 10     
452 , 924242 , 441    , 445    , 47     , 55     , 10     
453 , 924292 , 441    , 445    , 47     , 55     , 10     
454 , 924342 , 440    , 438    , 48     , 51     , 10     
455 , 924392 , 440    , 438    , 48     , 51     , 10     
456 , 924442 , 443    , 443    , 48     , 57     , 10     
457 , 924492 , 443    , 443    , 48     , 57     , 10     
458 , 924542 , 440    , 436    , 47     , 53     , 10     
459 , 924592 , 440    , 436    , 47     , 53     , 10     
460 , 924642 , 443    , 445    , 47     , 58     , 10     
461 , 924692 , 443    , 445    , 47     , 58     , 10     
462 , 924742 , 443    , 435    , 47     , 51     , 10     
463 , 924792 , 443    , 435    , 47     , 51     , 10     
464 , 924842 , 438    , 440    , 47     , 59     , 10     
465 , 924892 , 438    , 440    , 47     , 59     , 10     
466 , 924942 , 441    , 438    , 50     , 59     , 10     
467 , 924992 , 441    , 438    , 50     , 59     , 10     
468 , 925042 , 443    , 440    , 48     , 57     , 10     
469 , 925092 , 443    , 440    , 48     , 57     , 10     
470 , 925142 , 440    , 440    , 46     , 57     , 10     
471 , 925192 , 440    , 440    , 46     , 57     , 10     
472 , 925242 , 440    , 441    , 46     , 57     , 10     
473 , 925292 , 440    , 441    , 46     , 57     , 10     
474 , 925342 , 440    , 440    , 46     , 55     , 10     
475 , 925392 , 440    , 440    , 46     , 55     , 10     
476 , 925442 , 443    , 441    , 46     , 55     , 10     
477 , 925492 , 443    , 441    , 46     , 55     , 10     
478 , 925542 , 436    , 438    , 46     , 55     , 10     
479 , 925592 , 436    , 438    , 46     , 55     , 10     
480 , 925642 , 343    , 350    , 52     , 57     , 10     
481 , 925692 , 343    , 350    , 52     , 57     , 10     
482 , 925742 , 346    , 355    , 120    , 120    , 10     
483 , 925792 , 346    , 355    , 120    , 120    , 10     
484 , 925842 , 356    , 361    , 119    , 118    , 10     
485 , 925892 , 356    , 361    , 119    , 118    , 10     
486 , 925942 , 381    , 376    , 114    , 115    , 10     
487 , 925992 , 381    , 376    , 114    , 115    , 10     
488 , 926042 , 395    , 396    , 96     , 105    , 10     
489 , 926092 , 395    , 396    , 96     , 105    , 10     
490 , 926142 , 416    , 411    , 87     , 91     , 10     
491 , 926192 , 416    , 411    , 87     , 91     , 10     
492 , 926242 , 435    , 425    , 71     , 80     , 10     
493 , 926292 , 435    , 425    , 71     , 80     , 10     
494 , 926342 , 445    , 438    , 57     , 70     , 10     
495 , 926392 , 445    , 438    , 57     , 70     , 10     
496 , 926442 , 453    , 448    , 49     , 60     , 10     
497 , 926492 , 453    , 448    , 49     , 60     , 10     
498 , 926542 , 453    , 450    , 43     , 53     , 10     
499 , 926592 , 453    , 450    , 43     , 53     , 10     
500 , 926642 , 448    , 450    , 43     , 51     , 10     
501 , 926692 , 448    , 450    , 43     , 51     , 10     
502 , 926742 , 451    , 450    , 46     , 51     , 10     
503 , 926792 , 451    , 450    , 46     , 51     , 10     
504 , 926842 , 448    , 448    , 44     , 50     , 10     
505 , 926892 , 448    , 448    , 44     , 50     , 10     
506 , 926942 , 448    , 446    , 46     , 52     , 10     
507 , 926992 , 448    , 446    , 46     , 52     , 10     
508 , 927042 , 448    , 446    , 46     , 53     , 10     
509 , 927292 , 445    , 443    , 55     , 63     , 10     
510 , 927342 , 448    , 441    , 56     , 63     , 10     
511 , 927392 , 448    , 441    , 56     , 63     , 10     
512 , 927442 , 445    , 443    , 54     , 65     , 10     
513 , 927492 , 445    , 443    , 54     , 65     , 10     
514 , 927542 , 450    , 446    , 56     , 64     , 10     
515 , 927592 , 450    , 446    , 56     , 64     , 10     
516 , 927642 , 448    , 448    , 56     , 61     , 10     
517 , 927692 , 448    , 448    , 56     , 61     , 10     
518 , 927742 , 448    , 446    , 54     , 60     , 10     
519 , 927792 , 448    , 446    , 54     , 60     , 10     
520 , 927842 , 450    , 450    , 54     , 62     , 10     
521 , 927892 , 450    , 450    , 54     , 62     , 10     
522 , 927942 , 453    , 451    , 54     , 62     , 10     
523 , 927992 , 453    , 451    , 54     , 62     , 10     
524 , 928042 , 450    , 450    , 50     , 58     , 10     
525 , 928092 , 450    , 450    , 50     , 58     , 10     
526 , 928142 , 456    , 451    , 50     , 58     , 10     
527 , 928192 , 456    , 451    , 50     , 58     , 10     
528 , 928242 , 453    , 451    , 47     , 58     , 10     
529 , 928292 , 453    , 451    , 47     , 58     , 10     
530 , 928342 , 453    , 453    , 50     , 58     , 10     
531 , 928392 , 453    , 453    , 50     , 58     , 10     
532 , 928442 , 453    , 451    , 50     , 56     , 10     
533 , 928492 , 453    , 451    , 50     , 56     , 10     
534 , 928542 , 451    , 451    , 50     , 58     , 10     
535 , 928592 , 451    , 451    , 50     , 58     , 10     
536 , 928642 , 450    , 451    , 51     , 58     , 10     
537 , 928692 , 450    , 451    , 51     , 58     , 10     
538 , 928742 , 455    , 456    , 51     , 58     , 10     
539 , 928792 , 455    , 456    , 51     , 58     , 10     
540 , 928842 , 451    , 448    , 48     , 54     , 10     
541 , 928892 , 451    , 448    , 48     , 54     , 10     
542 , 928942 , 451    , 453    , 51     , 60     , 10     
543 , 928992 , 451    , 453    , 51     , 60     , 10     
544 , 929042 , 453    , 453    , 51     , 56     , 10     
545 , 929092 , 453    , 453    , 51     , 56     , 10     
546 , 929142 , 451    , 453    , 49     , 56     , 10     
547 , 929192 , 451    , 453    , 49     , 56     , 10     
548 , 929242 , 451    , 448    , 51     , 56     , 10     
549 , 929292 , 451    , 448    , 51     , 56     , 10     
550 , 929342 , 453    , 451    , 51     , 60     , 10     
551 , 929392 , 453    , 451    , 51     , 60     , 10     
552 , 929442 , 450    , 450    , 49     , 57     , 10     
553 , 929492 , 450    , 450    , 49     , 57     , 10     
554 , 929542 , 453    , 451    , 49     , 57     , 10     
555 , 929592 , 453    , 451    , 49     , 57     , 10     
556 , 929642 , 453    , 450    , 49     , 57     , 10     
557 , 929692 , 453    , 450    , 49     , 57     , 10     
558 , 929742 , 366    , 370    , 49     , 57     , 10     
559 , 929792 , 366    , 370    , 49     , 57     , 10     
560 , 929842 , 356    , 355    , 117    , 120    , 10     
561 , 929892 , 356    , 355    , 117    , 120    , 10     
562 , 929942 , 356    , 363    , 120    , 120    , 10     
563 , 929992 , 356    , 363    , 120    , 120    , 10     
564 , 930042 , 380    , 380    , 120    , 115    , 10     
565 , 930092 , 380    , 380    , 120    , 115    , 10     
566 , 930142 , 401    , 400    , 103    , 104    , 10     
567 , 930192 , 401    , 400    , 103    , 104    , 10     
568 , 930242 , 418    , 411    , 88     , 90     , 10     
569 , 930292 , 418    , 411    , 88     , 90     , 10     
570 , 930342 , 436    , 426    , 76     , 83     , 10     
571 , 930392 , 436    , 426    , 76     , 83     , 10     
572 , 930442 , 451    , 443    , 63     , 72     , 10     
573 , 930492 , 451    , 443    , 63     , 72     , 10     
574 , 930542 , 455    , 448    , 51     , 59     , 10     
575 , 930592 , 455    , 448    , 51     , 59     , 10     
576 , 930642 , 456    , 451    , 48     , 56     , 10     
577 , 930692 , 456    , 451    , 48     , 56     , 10     
578 , 930742 , 461    , 453    , 47     , 53     , 10     
579 , 930792 , 461    , 453    , 47     , 53     , 10     
580 , 930842 , 455    , 455    , 43     , 52     , 10     
581 , 930892 , 455    , 455    , 43     , 52     , 10     
582 , 930942 , 458    , 451    , 48     , 50     , 10     
583 , 930992 , 458    , 451    , 48     , 50     , 10     
584 , 931042 , 455    , 450    , 45     , 53     , 10     
585 , 931092 , 455    , 450    , 45     , 53     , 10     
586 , 931142 , 458    , 451    , 47     , 53     , 10     
587 , 931192 , 458    , 451    , 47     , 53     , 10     
588 , 931242 , 453    , 450    , 45     , 53     , 10     
589 , 931292 , 453    , 450    , 45     , 53     , 10     
590 , 931542 , 450    , 446    , 57     , 65     , 10     
591 , 931592 , 450    , 446    , 57     , 65     , 10     
592 , 931642 , 455    , 450    , 59     , 65     , 10     
593 , 931692 , 455    , 450    , 59     , 65     , 10     
594 , 931742 , 453    , 446    , 55     , 63     , 10     
595 , 931792 , 453    , 446    , 55     , 63     , 10     
596 , 931842 , 450    , 450    , 57     , 66     , 10     
597 , 931892 , 450    , 450    , 57     , 66     , 10     
598 , 931942 , 456    , 453    , 60     , 63     , 10     
599 , 931992 , 456    , 453    , 60     , 63     , 10     
600 , 932042 , 456    , 453    , 55     , 61     , 10     
601 , 932092 , 456    , 453    , 55     , 61     , 10     
602 , 932142 , 456    , 456    , 55     , 61     , 10     
603 , 932192 , 456    , 456    , 55     , 61     , 10     
604 , 932242 , 463    , 453    , 55     , 59     , 10     
605 , 932292 , 463    , 453    , 55     , 59     , 10     
606 , 932342 , 460    , 453    , 50     , 61     , 10     
607 , 932392 , 460    , 453    , 50     , 61     , 10     
608 , 932442 , 460    , 458    , 50     , 62     , 10     
609 , 932492 , 460    , 458    , 50     , 62     , 10     
610 , 932542 , 463    , 456    , 50     , 58     , 10     
611 , 932592 , 463    , 456    , 50     , 58     , 10     
612 , 932642 , 460    , 455    , 50     , 59     , 10     
613 , 932692 , 460    , 455    , 50     , 59     , 10     
614 , 932942 , 463    , 455    , 48     , 54     , 10     
615 , 932992 , 463    , 455    , 48     , 54     , 10     
616 , 933042 , 460    , 455    , 46     , 54     , 10     
617 , 933092 , 460    , 455    , 46     , 54     , 10     
618 , 933142 , 460    , 455    , 48     , 54     , 10     
619 , 933192 , 460    , 455    , 48     , 54     , 10     
620 , 933242 , 456    , 456    , 48     , 54     , 10     
621 , 933292 , 456    , 456    , 48     , 54     , 10     
622 , 933342 , 456    , 453    , 51     , 56     , 10     
623 , 933392 , 456    , 453    , 51     , 56     , 10     
624 , 933442 , 405    , 401    , 51     , 58     , 10     
625 , 933492 , 405    , 401    , 51     , 58     , 10     
626 , 933542 , 356    , 355    , 90     , 99     , 10     
627 , 933592 , 356    , 355    , 90     , 99     , 10     
628 , 933642 , 361    , 366    , 120    , 120    , 10     
629 , 933692 , 361    , 366    , 120    , 120    , 10     
630 , 933742 , 380    , 378    , 118    , 113    , 10     
631 , 933792 , 380    , 378    , 118    , 113    , 10     
632 , 933842 , 403    , 398    , 105    , 106    , 10     
633 , 933892 , 403    , 398    , 105    , 106    , 10     
634 , 933942 , 423    , 411    , 89     , 92     , 10     
635 , 933992 , 423    , 411    , 89     , 92     , 10     
636 , 934042 , 436    , 428    , 75     , 83     , 10     
637 , 934092 , 436    , 428    , 75     , 83     , 10     
638 , 934142 , 453    , 441    , 65     , 71     , 10     
639 , 934192 , 453    , 441    , 65     , 71     , 10     
640 , 934242 , 456    , 451    , 52     , 62     , 10     
641 , 934292 , 456    , 451    , 52     , 62     , 10     
642 , 934342 , 461    , 453    , 50     , 54     , 10     
643 , 934392 , 461    , 453    , 50     , 54     , 10     
644 , 934442 , 461    , 458    , 46     , 53     , 10     
645 , 934492 , 461    , 458    , 46     , 53     , 10     
646 , 934542 , 460    , 450    , 46     , 49     , 10     
647 , 934592 , 460    , 450    , 46     , 49     , 10     
648 , 934642 , 460    , 451    , 47     , 55     , 10     
649 , 934692 , 460    , 451    , 47     , 55     , 10     
650 , 934742 , 458    , 453    , 47     , 54     , 10     
651 , 934792 , 458    , 453    , 47     , 54     , 10     
652 , 934842 , 460    , 450    , 48     , 53     , 10     
653 , 934892 , 460    , 450    , 48     , 53     , 10     
654 , 934942 , 458    , 450    , 46     , 55     , 10     
655 , 934992 , 458    , 450    , 46     , 55     , 10     
656 , 935042 , 455    , 450    , 48     , 55     , 10     
657 , 935092 , 455    , 450    , 48     , 55     , 10     
658 , 935142 , 453    , 446    , 48     , 55     , 10     
659 , 935392 , 455    , 448    , 54     , 61     , 10     
660 , 935442 , 455    , 446    , 54     , 62     , 10     
661 , 935492 , 455    , 446    , 54     , 62     , 10     
662 , 935542 , 386    , 380    , 54     , 63     , 10     
663 , 935592 , 386    , 380    , 54     , 63     , 10     
664 , 935642 , 363    , 356    , 108    , 115    , 10     
665 , 935692 , 363    , 356    , 108    , 115    , 10     
666 , 935742 , 366    , 366    , 120    , 120    , 10     
667 , 935792 , 366    , 366    , 120    , 120    , 10     
668 , 935842 , 391    , 380    , 119    , 114    , 10     
669 , 935892 , 391    , 380    , 119    , 114    , 10     
670 , 935942 , 410    , 401    , 102    , 105    , 10     
671 , 935992 , 410    , 401    , 102    , 105    , 10     
672 , 936042 , 425    , 411    , 89     , 91     , 10     
673 , 936092 , 425    , 411    , 89     , 91     , 10     
674 , 936142 , 445    , 430    , 78     , 84     , 10     
675 , 936192 , 445    , 430    , 78     , 84     , 10     
676 , 936242 , 458    , 443    , 64     , 71     , 10     
677 , 936292 , 458    , 443    , 64     , 71     , 10     
678 , 936342 , 468    , 451    , 54     , 61     , 10     
679 , 936392 , 468    , 451    , 54     , 61     , 10     
680 , 936442 , 466    , 458    , 46     , 55     , 10     
681 , 936492 , 466    , 458    , 46     , 55     , 10     
682 , 936542 , 465    , 455    , 47     , 50     , 10     
683 , 936592 , 465    , 455    , 47     , 50     , 10     
684 , 936642 , 466    , 456    , 48     , 53     , 10     
685 , 936692 , 466    , 456    , 48     , 53     , 10     
686 , 936742 , 463    , 455    , 47     , 52     , 10     
687 , 936792 , 463    , 455    , 47     , 52     , 10     
688 , 936842 , 463    , 451    , 49     , 53     , 10     
689 , 936892 , 463    , 451    , 49     , 53     , 10     
690 , 936942 , 463    , 450    , 49     , 56     , 10     
691 , 936992 , 463    , 450    , 49     , 56     , 10     
692 , 937042 , 465    , 451    , 49     , 57     , 10     
693 , 937092 , 465    , 451    , 49     , 57     , 10     
694 , 937142 , 461    , 450    , 47     , 56     , 10     
695 , 937192 , 461    , 450    , 47     , 56     , 10     
696 , 937242 , 463    , 450    , 51     , 57     , 10     
697 , 937292 , 463    , 450    , 51     , 57     , 10     
698 , 937342 , 461    , 448    , 49     , 58     , 10     
699 , 937392 , 461    , 448    , 49     , 58     , 10     
700 , 937442 , 461    , 451    , 50     , 59     , 10     
701 , 937492 , 461    , 451    , 50     , 59     , 10     
702 , 937542 , 463    , 450    , 50     , 57     , 10     
703 , 937592 , 463    , 450    , 50     , 57     , 10     
704 , 937642 , 388    , 381    , 49     , 58     , 10     
705 , 937692 , 388    , 381    , 49     , 58     , 10     
706 , 937742 , 365    , 361    , 107    , 113    , 10     
707 , 937792 , 365    , 361    , 107    , 113    , 10     
708 , 937842 , 371    , 366    , 120    , 120    , 10     
709 , 937892 , 371    , 366    , 120    , 120    , 10     
710 , 937942 , 393    , 385    , 117    , 118    , 10     
711 , 937992 , 393    , 385    , 117    , 118    , 10     
712 , 938042 , 410    , 398    , 102    , 105    , 10     
713 , 938092 , 410    , 398    , 102    , 105    , 10     
714 , 938142 , 426    , 418    , 90     , 97     , 10     
715 , 938192 , 426    , 418    , 90     , 97     , 10     
716 , 938242 , 445    , 431    , 79     , 83     , 10     
717 , 938292 , 445    , 431    , 79     , 83     , 10     
718 , 938342 , 456    , 446    , 65     , 74     , 10     
719 , 938392 , 456    , 446    , 65     , 74     , 10     
720 , 938442 , 465    , 453    , 57     , 62     , 10     
721 , 938492 , 465    , 453    , 57     , 62     , 10     
722 , 938542 , 466    , 455    , 50     , 57     , 10     
723 , 938592 , 466    , 455    , 50     , 57     , 10     
724 , 938642 , 468    , 456    , 49     , 56     , 10     
725 , 938692 , 468    , 456    , 49     , 56     , 10     
726 , 938742 , 466    , 455    , 47     , 55     , 10     
727 , 938792 , 466    , 455    , 47     , 55     , 10     
728 , 938842 , 466    , 456    , 48     , 56     , 10     
729 , 938892 , 466    , 456    , 48     , 56     , 10     
730 , 938942 , 466    , 455    , 48     , 56     , 10     
731 , 938992 , 466    , 455    , 48     , 56     , 10     
732 , 939042 , 463    , 453    , 48     , 56     , 10     
733 , 939092 , 463    , 453    , 48     , 56     , 10     
734 , 939142 , 463    , 453    , 50     , 58     , 10     
735 , 939192 , 463    , 453    , 50     , 58     , 10     
736 , 939242 , 460    , 451    , 50     , 58     , 10     
737 , 939292 , 460    , 451    , 50     , 58     , 10     
738 , 939342 , 466    , 453    , 50     , 60     , 10     
739 , 939392 , 466    , 453    , 50     , 60     , 10     
740 , 939442 , 463    , 455    , 48     , 59     , 10     
741 , 939492 , 463    , 455    , 48     , 59     , 10     
742 , 939542 , 463    , 453    , 50     , 57     , 10     
743 , 939592 , 463    , 453    , 50     , 57     , 10     
744 , 939642 , 460    , 456    , 50     , 59     , 10     
745 , 939692 , 460    , 456    , 50     , 59     , 10     
746 , 939742 , 463    , 451    , 50     , 57     , 10     
747 , 939792 , 463    , 451    , 50     , 57     , 10     
748 , 939842 , 460    , 453    , 50     , 61     , 10     
749 , 939892 , 460    , 453    , 50     , 61     , 10     
750 , 939942 , 460    , 455    , 50     , 59     , 10     
751 , 939992 , 460    , 455    , 50     , 59     , 10     
752 , 940042 , 460    , 453    , 50     , 58     , 10     
753 , 940092 , 460    , 453    , 50     , 58     , 10     
754 , 940142 , 455    , 458    , 50     , 60     , 10     
755 , 940192 , 455    , 458    , 50     , 60     , 10     
756 , 940242 , 460    , 455    , 56     , 56     , 10     
757 , 940292 , 460    , 455    , 56     , 56     , 10     
758 , 940342 , 461    , 455    , 56     , 58     , 10     
759 , 940392 , 461    , 455    , 56     , 58     , 10     
760 , 940442 , 460    , 453    , 52     , 58     , 10     
761 , 940492 , 460    , 453    , 52     , 58     , 10     
762 , 940542 , 460    , 456    , 52     , 60     , 10     
763 , 940592 , 460    , 456    , 52     , 60     , 10     
764 , 940642 , 463    , 453    , 52     , 58     , 10     
765 , 940692 , 463    , 453    , 52     , 58     , 10     
766 , 940742 , 461    , 456    , 50     , 60     , 10     
767 , 940792 , 461    , 456    , 50     , 60     , 10     
768 , 940842 , 461    , 456    , 51     , 58     , 10     
769 , 940892 , 461    , 456    , 51     , 58     , 10     
770 , 940942 , 463    , 453    , 51     , 58     , 10     
771 , 940992 , 463    , 453    , 51     , 58     , 10     
772 , 941042 , 463    , 455    , 50     , 61     , 10     
773 , 941092 , 463    , 455    , 50     , 61     , 10     
774 , 941142 , 463    , 455    , 50     , 59     , 10     
775 , 941192 , 463    , 455    , 50     , 59     , 10     
776 , 941242 , 465    , 456    , 50     , 59     , 10     
777 , 941292 , 465    , 456    , 50     , 59     , 10     
778 , 941342 , 461    , 455    , 48     , 59     , 10     
779 , 941392 , 461    , 455    , 48     , 59     , 10     
780 , 941442 , 456    , 458    , 51     , 60     , 10     
781 , 941492 , 456    , 458    , 51     , 60     , 10     
782 , 941542 , 463    , 455    , 55     , 57     , 10     
783 , 941592 , 463    , 455    , 55     , 57     , 10     
784 , 941642 , 461    , 456    , 50     , 60     , 10     
785 , 941692 , 461    , 456    , 50     , 60     , 10     
786 , 941742 , 461    , 455    , 51     , 59     , 10     
787 , 941792 , 461    , 455    , 51     , 59     , 10     
788 , 941842 , 463    , 456    , 51     , 60     , 10     
789 , 941892 , 463    , 456    , 51     , 60     , 10     
790 , 941942 , 461    , 456    , 49     , 59     , 10     
791 , 941992 , 461    , 456    , 49     , 59     , 10     
792 , 942042 , 461    , 456    , 51     , 59     , 10     
793 , 942092 , 461    , 456    , 51     , 59     , 10     
794 , 942142 , 463    , 456    , 51     , 60     , 10     
795 , 942192 , 463    , 456    , 51     , 60     , 10     
796 , 942242 , 456    , 456    , 49     , 60     , 10     
797 , 942292 , 456    , 456    , 49     , 60     , 10     
798 , 942342 , 463    , 458    , 55     , 60     , 10     
799 , 942392 , 463    , 458    , 55     , 60     , 10     
800 , 942442 , 460    , 456    , 49     , 58     , 10     
801 , 942492 , 460    , 456    , 49     , 58     , 10     
802 , 942542 , 461    , 458    , 49     , 60     , 10     
803 , 942592 , 461    , 458    , 49     , 60     , 10     
804 , 942642 , 461    , 458    , 51     , 58     , 10     
805 , 942692 , 461    , 458    , 51     , 58     , 10     
806 , 942742 , 456    , 461    , 51     , 58     , 10     
807 , 942792 , 456    , 461    , 51     , 58     , 10     
808 , 942842 , 460    , 456    , 55     , 56     , 10     
809 , 942892 , 460    , 456    , 55     , 56     , 10     
810 , 942942 , 458    , 458    , 55     , 60     , 10     
811 , 942992 , 458    , 458    , 55     , 60     , 10     
812 , 943042 , 458    , 456    , 53     , 59     , 10     
813 , 943092 , 458    , 456    , 53     , 59     , 10     
814 , 943142 , 460    , 460    , 53     , 60     , 10     
815 , 943192 , 460    , 460    , 53     , 60     , 10     
816 , 943242 , 465    , 455    , 53     , 60     , 10     
817 , 943292 , 465    , 455    , 53     , 60     , 10     
818 , 943342 , 461    , 460    , 48     , 61     , 10     
819 , 943392 , 461    , 460    , 48     , 61     , 10     
820 , 943442 , 460    , 460    , 51     , 61     , 10     
821 , 943492 , 460    , 460    , 51     , 61     , 10     
822 , 943542 , 460    , 458    , 51     , 61     , 10     
823 , 943592 , 460    , 458    , 51     , 61     , 10     
824 , 943642 , 465    , 465    , 51     , 59     , 10     
825 , 943692 , 465    , 465    , 51     , 59     , 10     
826 , 943742 , 460    , 453    , 48     , 53     , 10     
827 , 943792 , 460    , 453    , 48     , 53     , 10     
828 , 943842 , 461    , 460    , 48     , 63     , 10     
829 , 943892 , 461    , 460    , 48     , 63     , 10     
830 , 943942 , 460    , 461    , 51     , 63     , 10     
831 , 943992 , 460    , 461    , 51     , 63     , 10     
832 , 944042 , 456    , 458    , 51     , 57     , 10     
833 , 944092 , 456    , 458    , 51     , 57     , 10     
834 , 944142 , 461    , 461    , 55     , 59     , 10     
835 , 944192 , 461    , 461    , 55     , 59     , 10     
836 , 944242 , 458    , 460    , 51     , 57     , 10     
837 , 944292 , 458    , 460    , 51     , 57     , 10     
838 , 944342 , 460    , 461    , 53     , 57     , 10     
839 , 944392 , 460    , 461    , 53     , 57     , 10     
840 , 944442 , 460    , 460    , 53     , 57     , 10     
841 , 944492 , 460    , 460    , 53     , 57     , 10     
842 , 944542 , 461    , 456    , 53     , 57     , 10     
843 , 944592 , 461    , 456    , 53     , 57     , 10     
844 , 944642 , 460    , 460    , 51     , 60     , 10     
845 , 944692 , 460    , 460    , 51     , 60     , 10     
846 , 944742 , 461    , 460    , 51     , 60     , 10     
847 , 944792 , 461    , 460    , 51     , 60     , 10     
848 , 944842 , 460    , 458    , 51     , 60     , 10     
849 , 944892 , 460    , 458    , 51     , 60     , 10     
850 , 944942 , 463    , 460    , 51     , 59     , 10     
851 , 944992 , 463    , 460    , 51     , 59     , 10     
852 , 945042 , 460    , 458    , 49     , 59     , 10     
853 , 945092 , 460    , 458    , 49     , 59     , 10     
854 , 945142 , 461    , 460    , 49     , 59     , 10     
855 , 945192 , 461    , 460    , 49     , 59     , 10     
856 , 945242 , 411    , 415    , 51     , 59     , 10     
857 , 945292 , 411    , 415    , 51     , 59     , 10     
858 , 945342 , 366    , 366    , 90     , 93     , 10     
859 , 945392 , 366    , 366    , 90     , 93     , 10     
860 , 945442 , 368    , 371    , 120    , 120    , 10     
861 , 945492 , 368    , 371    , 120    , 120    , 10     
862 , 945542 , 391    , 388    , 120    , 118    , 10     
863 , 945592 , 391    , 388    , 120    , 118    , 10     
864 , 945642 , 413    , 406    , 104    , 107    , 10     
865 , 945692 , 413    , 406    , 104    , 107    , 10     
866 , 945742 , 426    , 421    , 88     , 94     , 10     
867 , 945792 , 426    , 421    , 88     , 94     , 10     
868 , 945842 , 441    , 436    , 79     , 84     , 10     
869 , 945892 , 441    , 436    , 79     , 84     , 10     
870 , 945942 , 458    , 446    , 68     , 73     , 10     
871 , 945992 , 458    , 446    , 68     , 73     , 10     
872 , 946042 , 468    , 456    , 55     , 66     , 10     
873 , 946092 , 468    , 456    , 55     , 66     , 10     
874 , 946142 , 468    , 460    , 48     , 58     , 10     
875 , 946192 , 468    , 460    , 48     , 58     , 10     
876 , 946242 , 470    , 461    , 47     , 58     , 10     
877 , 946292 , 470    , 461    , 47     , 58     , 10     
878 , 946342 , 466    , 463    , 46     , 54     , 10     
879 , 946392 , 466    , 463    , 46     , 54     , 10     
880 , 946442 , 466    , 456    , 48     , 53     , 10     
881 , 946492 , 466    , 456    , 48     , 53     , 10     
882 , 946542 , 466    , 460    , 48     , 58     , 10     
883 , 946592 , 466    , 460    , 48     , 58     , 10     
884 , 946642 , 463    , 460    , 48     , 58     , 10     
885 , 946692 , 463    , 460    , 48     , 58     , 10     
886 , 946742 , 463    , 458    , 50     , 58     , 10     
887 , 946792 , 463    , 458    , 50     , 58     , 10     
888 , 946842 , 463    , 458    , 50     , 57     , 10     
889 , 946892 , 463    , 458    , 50     , 57     , 10     
890 , 946942 , 465    , 456    , 50     , 57     , 10     
891 , 946992 , 465    , 456    , 50     , 57     , 10     
892 , 947042 , 461    , 456    , 49     , 58     , 10     
893 , 947092 , 461    , 456    , 49     , 58     , 10     
894 , 947142 , 463    , 458    , 52     , 59     , 10     
895 , 947192 , 463    , 458    , 52     , 59     , 10     
896 , 947242 , 461    , 453    , 50     , 57     , 10     
897 , 947292 , 461    , 453    , 50     , 57     , 10     
898 , 947342 , 461    , 458    , 52     , 61     , 10     
899 , 947392 , 461    , 458    , 52     , 61     , 10     
900 , 947442 , 463    , 458    , 52     , 57     , 10     
901 , 947492 , 463    , 458    , 52     , 57     , 10     
902 , 947542 , 461    , 458    , 50     , 57     , 10     
903 , 947592 , 461    , 458    , 50     , 57     , 10     
904 , 947642 , 458    , 451    , 51     , 57     , 10     
905 , 947692 , 458    , 451    , 51     , 57     , 10     
906 , 947742 , 463    , 456    , 54     , 63     , 10     
907 , 947792 , 463    , 456    , 54     , 63     , 10     
908 , 947842 , 463    , 456    , 50     , 59     , 10     
909 , 947892 , 463    , 456    , 50     , 59     , 10     
910 , 947942 , 463    , 456    , 50     , 59     , 10     
911 , 947992 , 463    , 456    , 50     , 59     , 10     
912 , 948042 , 460    , 455    , 50     , 59     , 10     
913 , 948092 , 460    , 455    , 50     , 59     , 10     
914 , 948142 , 466    , 455    , 50     , 60     , 10     
915 , 948192 , 466    , 455    , 50     , 60     , 10     
916 , 948242 , 463    , 463    , 47     , 60     , 10     
917 , 948292 , 463    , 463    , 47     , 60     , 10     
918 , 948342 , 456    , 455    , 50     , 54     , 10     
919 , 948392 , 456    , 455    , 50     , 54     , 10     
920 , 948442 , 463    , 455    , 55     , 60     , 10     
921 , 948492 , 463    , 455    , 55     , 60     , 10     
922 , 948542 , 460    , 455    , 50     , 61     , 10     
923 , 948592 , 460    , 455    , 50     , 61     , 10     
924 , 948642 , 461    , 458    , 50     , 61     , 10     
925 , 948892 , 458    , 456    , 44     , 54     , 10     
926 , 948942 , 458    , 456    , 49     , 56     , 10     
927 , 948992 , 458    , 456    , 49     , 56     , 10     
928 , 949042 , 460    , 461    , 49     , 56     , 10     
929 , 949092 , 460    , 461    , 49     , 56     , 10     
930 , 949142 , 458    , 456    , 47     , 52     , 10     
931 , 949192 , 458    , 456    , 47     , 52     , 10     
932 , 949242 , 460    , 455    , 49     , 56     , 10     
933 , 949292 , 460    , 455    , 49     , 56     , 10     
934 , 949342 , 458    , 455    , 47     , 56     , 10     
935 , 949392 , 458    , 455    , 47     , 56     , 10     
936 , 949442 , 460    , 456    , 49     , 56     , 10     
937 , 949492 , 460    , 456    , 49     , 56     , 10     
938 , 949542 , 456    , 453    , 47     , 56     , 10     
939 , 949592 , 456    , 453    , 47     , 56     , 10     
940 , 949642 , 456    , 453    , 50     , 58     , 10     
941 , 949692 , 456    , 453    , 50     , 58     , 10     
942 , 949742 , 456    , 456    , 50     , 58     , 10     
943 , 949792 , 456    , 456    , 50     , 58     , 10     
944 , 949842 , 456    , 451    , 50     , 56     , 10     
945 , 949892 , 456    , 451    , 50     , 56     , 10     
946 , 949942 , 456    , 453    , 50     , 60     , 10     
947 , 949992 , 456    , 453    , 50     , 60     , 10     
948 , 950042 , 456    , 455    , 50     , 58     , 10     
949 , 950092 , 456    , 455    , 50     , 58     , 10     
950 , 950142 , 456    , 453    , 50     , 58     , 10     
951 , 950192 , 456    , 453    , 50     , 58     , 10     
952 , 950242 , 453    , 451    , 50     , 58     , 10     
953 , 950292 , 453    , 451    , 50     , 58     , 10     
954 , 950342 , 456    , 453    , 52     , 60     , 10     
955 , 950392 , 456    , 453    , 52     , 60     , 10     
956 , 950442 , 455    , 453    , 50     , 58     , 10     
957 , 950492 , 455    , 453    , 50     , 58     , 10     
958 , 950542 , 455    , 451    , 50     , 58     , 10     
959 , 950592 , 455    , 451    , 50     , 58     , 10     
960 , 950642 , 356    , 356    , 50     , 60     , 10     
961 , 950692 , 356    , 356    , 50     , 60     , 10     
962 , 950742 , 361    , 363    , 120    , 120    , 10     
963 , 950792 , 361    , 363    , 120    , 120    , 10     
964 , 950842 , 365    , 368    , 118    , 116    , 10     
965 , 950892 , 365    , 368    , 118    , 116    , 10     
966 , 950942 , 386    , 390    , 117    , 115    , 10     
967 , 950992 , 386    , 390    , 117    , 115    , 10     
968 , 951042 , 406    , 401    , 103    , 100    , 10     
969 , 951092 , 406    , 401    , 103    , 100    , 10     
970 , 951142 , 423    , 413    , 89     , 93     , 10     
971 , 951192 , 423    , 413    , 89     , 93     , 10     
972 , 951242 , 440    , 435    , 77     , 85     , 10     
973 , 951292 , 440    , 435    , 77     , 85     , 10     
974 , 951342 , 456    , 445    , 64     , 69     , 10     
975 , 951392 , 456    , 445    , 64     , 69     , 10     
976 , 951442 , 458    , 450    , 52     , 61     , 10     
977 , 951492 , 458    , 450    , 52     , 61     , 10     
978 , 951542 , 458    , 456    , 50     , 58     , 10     
979 , 951592 , 458    , 456    , 50     , 58     , 10     
980 , 951642 , 465    , 456    , 50     , 53     , 10     
981 , 951692 , 465    , 456    , 50     , 53     , 10     
982 , 951742 , 461    , 458    , 45     , 53     , 10     
983 , 951792 , 461    , 458    , 45     , 53     , 10     
984 , 951842 , 456    , 453    , 48     , 52     , 10     
985 , 951892 , 456    , 453    , 48     , 52     , 10     
986 , 951942 , 461    , 453    , 51     , 55     , 10     
987 , 951992 , 461    , 453    , 51     , 55     , 10     
988 , 952042 , 456    , 453    , 47     , 56     , 10     
989 , 952092 , 456    , 453    , 47     , 56     , 10     
990 , 952142 , 458    , 453    , 51     , 56     , 10     
991 , 952192 , 458    , 453    , 51     , 56     , 10     
992 , 952242 , 460    , 451    , 50     , 56     , 10     
993 , 952292 , 460    , 451    , 50     , 56     , 10     
994 , 952342 , 460    , 451    , 48     , 57     , 10     
995 , 952392 , 460    , 451    , 48     , 57     , 10     
996 , 952442 , 458    , 448    , 48     , 57     , 10     
997 , 952492 , 458    , 448    , 48     , 57     , 10     
998 , 952542 , 455    , 453    , 49     , 60     , 10     
999 , 952592 , 455    , 453    , 49     , 60     , 10     
1000, 952642 , 456    , 451    , 49     , 56     , 10     
1001, 952692 , 456    , 451    , 49     , 56     , 10     
1002, 952742 , 456    , 450    , 51     , 58     , 10     
1003, 952792 , 456    , 450    , 51     , 58     , 10     
1004, 952842 , 456    , 448    , 51     , 58     , 10     
1005, 952892 , 456    , 448    , 51     , 58     , 10     
1006, 952942 , 355    , 361    , 51     , 60     , 10     
1007, 952992 , 355    , 361    , 51     , 60     , 10     
1008, 953042 , 360    , 360    , 120    , 120    , 10     
1009, 953092 , 360    , 360    , 120    , 120    , 10     
1010, 953142 , 366    , 371    , 118    , 120    , 10     
1011, 953192 , 366    , 371    , 118    , 120    , 10     
1012, 953242 , 386    , 385    , 115    , 113    , 10     
1013, 953292 , 386    , 385    , 115    , 113    , 10     
1014, 953342 , 406    , 406    , 102    , 104    , 10     
1015, 953392 , 406    , 406    , 102    , 104    , 10     
1016, 953442 , 425    , 418    , 88     , 90     , 10     
1017, 953492 , 425    , 418    , 88     , 90     , 10     
1018, 953542 , 440    , 433    , 74     , 82     , 10     
1019, 953592 , 440    , 433    , 74     , 82     , 10     
1020, 953642 , 453    , 443    , 63     , 71     , 10     
1021, 953692 , 453    , 443    , 63     , 71     , 10     
1022, 953742 , 455    , 453    , 53     , 64     , 10     
1023, 953792 , 455    , 453    , 53     , 64     , 10     
1024, 953842 , 460    , 456    , 53     , 56     , 10     
1025, 953892 , 460    , 456    , 53     , 56     , 10     
1026, 953942 , 461    , 456    , 48     , 54     , 10     
1027, 953992 , 461    , 456    , 48     , 54     , 10     
1028, 954042 , 460    , 453    , 47     , 54     , 10     
1029, 954092 , 460    , 453    , 47     , 54     , 10     
1030, 954142 , 458    , 456    , 48     , 56     , 10     
1031, 954192 , 458    , 456    , 48     , 56     , 10     
1032, 954242 , 411    , 411    , 49     , 54     , 10     
1033, 954292 , 411    , 411    , 49     , 54     , 10     
1034, 954342 , 363    , 356    , 86     , 89     , 10     
1035, 954392 , 363    , 356    , 86     , 89     , 10     
1036, 954442 , 363    , 365    , 120    , 120    , 10     
1037, 954492 , 363    , 365    , 120    , 120    , 10     
1038, 954542 , 388    , 385    , 120    , 115    , 10     
1039, 954592 , 388    , 385    , 120    , 115    , 10     
1040, 954642 , 408    , 396    , 102    , 102    , 10     
1041, 954692 , 408    , 396    , 102    , 102    , 10     
1042, 954742 , 423    , 416    , 88     , 95     , 10     
1043, 954792 , 423    , 416    , 88     , 95     , 10     
1044, 954842 , 441    , 428    , 77     , 81     , 10     
1045, 954892 , 441    , 428    , 77     , 81     , 10     
1046, 954942 , 453    , 440    , 64     , 72     , 10     
1047, 954992 , 453    , 440    , 64     , 72     , 10     
1048, 955042 , 461    , 450    , 55     , 64     , 10     
1049, 955092 , 461    , 450    , 55     , 64     , 10     
1050, 955142 , 463    , 455    , 49     , 56     , 10     
1051, 955192 , 463    , 455    , 49     , 56     , 10     
1052, 955242 , 463    , 455    , 47     , 56     , 10     
1053, 955292 , 463    , 455    , 47     , 56     , 10     
1054, 955342 , 463    , 451    , 47     , 56     , 10     
1055, 955392 , 463    , 451    , 47     , 56     , 10     
1056, 955442 , 460    , 451    , 47     , 56     , 10     
1057, 955492 , 460    , 451    , 47     , 56     , 10     
1058, 955542 , 461    , 455    , 49     , 56     , 10     
1059, 955592 , 461    , 455    , 49     , 56     , 10     
1060, 955642 , 460    , 453    , 48     , 56     , 10     
1061, 955692 , 460    , 453    , 48     , 56     , 10     
1062, 955742 , 461    , 453    , 49     , 54     , 10     
1063, 955792 , 461    , 453    , 49     , 54     , 10     
1064, 955842 , 458    , 448    , 48     , 54     , 10     
1065, 955892 , 458    , 448    , 48     , 54     , 10     
1066, 955942 , 458    , 450    , 50     , 58     , 10     
1067, 955992 , 458    , 450    , 50     , 58     , 10     
1068, 956042 , 460    , 451    , 50     , 57     , 10     
1069, 956092 , 460    , 451    , 50     , 57     , 10     
1070, 956142 , 460    , 448    , 48     , 56     , 10     
1071, 956192 , 460    , 448    , 48     , 56     , 10     
1072, 956242 , 428    , 423    , 48     , 58     , 10     
1073, 956292 , 428    , 423    , 48     , 58     , 10     
1074, 956342 , 365    , 356    , 73     , 78     , 10     
1075, 956392 , 365    , 356    , 73     , 78     , 10     
1076, 956442 , 368    , 361    , 120    , 120    , 10     
1077, 956492 , 368    , 361    , 120    , 120    , 10     
1078, 956542 , 385    , 376    , 119    , 118    , 10     
1079, 956592 , 385    , 376    , 119    , 118    , 10     
1080, 956642 , 396    , 393    , 108    , 109    , 10     
1081, 956692 , 396    , 393    , 108    , 109    , 10     
1082, 956742 , 423    , 410    , 101    , 97     , 10     
1083, 956792 , 423    , 410    , 101    , 97     , 10     
1084, 956842 , 436    , 423    , 81     , 86     , 10     
1085, 956892 , 436    , 423    , 81     , 86     , 10     
1086, 956942 , 453    , 438    , 72     , 77     , 10     
1087, 956992 , 453    , 438    , 72     , 77     , 10     
1088, 957042 , 458    , 448    , 59     , 66     , 10     
1089, 957092 , 458    , 448    , 59     , 66     , 10     
1090, 957142 , 468    , 456    , 55     , 58     , 10     
1091, 957192 , 468    , 456    , 55     , 58     , 10     
1092, 957242 , 463    , 455    , 47     , 52     , 10     
1093, 957292 , 463    , 455    , 47     , 52     , 10     
1094, 957342 , 465    , 456    , 51     , 52     , 10     
1095, 957392 , 465    , 456    , 51     , 52     , 10     
1096, 957442 , 465    , 453    , 49     , 52     , 10     
1097, 957492 , 465    , 453    , 49     , 52     , 10     
1098, 957542 , 465    , 455    , 49     , 55     , 10     
1099, 957592 , 465    , 455    , 49     , 55     , 10     
1100, 957642 , 413    , 401    , 49     , 55     , 10     
1101, 957692 , 413    , 401    , 49     , 55     , 10     
1102, 957742 , 366    , 353    , 89     , 95     , 10     
1103, 957792 , 366    , 353    , 89     , 95     , 10     
1104, 957842 , 371    , 358    , 120    , 120    , 10     
1105, 957892 , 371    , 358    , 120    , 120    , 10     
1106, 957942 , 390    , 378    , 118    , 118    , 10     
1107, 957992 , 390    , 378    , 118    , 118    , 10     
1108, 958042 , 410    , 393    , 105    , 105    , 10     
1109, 958092 , 410    , 393    , 105    , 105    , 10     
1110, 958142 , 426    , 413    , 91     , 95     , 10     
1111, 958192 , 426    , 413    , 91     , 95     , 10     
1112, 958242 , 441    , 423    , 79     , 81     , 10     
1113, 958292 , 441    , 423    , 79     , 81     , 10     
1114, 958342 , 456    , 438    , 68     , 74     , 10     
1115, 958392 , 456    , 438    , 68     , 74     , 10     
1116, 958442 , 463    , 443    , 57     , 63     , 10     
1117, 958492 , 463    , 443    , 57     , 63     , 10     
1118, 958542 , 468    , 448    , 51     , 60     , 10     
1119, 958592 , 468    , 448    , 51     , 60     , 10     
1120, 958642 , 470    , 451    , 47     , 56     , 10     
1121, 958692 , 470    , 451    , 47     , 56     , 10     
1122, 958742 , 463    , 451    , 45     , 54     , 10     
1123, 958792 , 463    , 451    , 45     , 54     , 10     
1124, 958842 , 470    , 450    , 50     , 54     , 10     
1125, 958892 , 470    , 450    , 50     , 54     , 10     
1126, 958942 , 460    , 445    , 45     , 55     , 10     
1127, 958992 , 460    , 445    , 45     , 55     , 10     
1128, 959042 , 366    , 351    , 52     , 59     , 10     
1129, 959092 , 366    , 351    , 52     , 59     , 10     
1130, 959142 , 373    , 360    , 120    , 120    , 10     
1131, 959192 , 373    , 360    , 120    , 120    , 10     
1132, 959242 , 378    , 365    , 116    , 115    , 10     
1133, 959292 , 378    , 365    , 116    , 115    , 10     
1134, 959342 , 401    , 383    , 114    , 113    , 10     
1135, 959392 , 401    , 383    , 114    , 113    , 10     
1136, 959442 , 420    , 400    , 98     , 102    , 10     
1137, 959492 , 420    , 400    , 98     , 102    , 10     
1138, 959542 , 433    , 415    , 84     , 90     , 10     
1139, 959592 , 433    , 415    , 84     , 90     , 10     
1140, 959642 , 448    , 431    , 75     , 80     , 10     
1141, 959692 , 448    , 431    , 75     , 80     , 10     
1142, 959742 , 461    , 441    , 64     , 68     , 10     
1143, 959792 , 461    , 441    , 64     , 68     , 10     
1144, 959842 , 466    , 451    , 54     , 61     , 10     
1145, 959892 , 466    , 451    , 54     , 61     , 10     
1146, 959942 , 465    , 451    , 50     , 54     , 10     
1147, 959992 , 465    , 451    , 50     , 54     , 10     
1148, 960042 , 471    , 455    , 50     , 54     , 10     
1149, 960092 , 471    , 455    , 50     , 54     , 10     
1150, 960142 , 466    , 451    , 45     , 54     , 10     
1151, 960192 , 466    , 451    , 45     , 54     , 10     
1152, 960242 , 468    , 453    , 49     , 54     , 10     
1153, 960292 , 468    , 453    , 49     , 54     , 10     
1154, 960342 , 465    , 450    , 47     , 52     , 10     
1155, 960392 , 465    , 450    , 47     , 52     , 10     
1156, 960442 , 468    , 448    , 49     , 55     , 10     
1157, 960492 , 468    , 448    , 49     , 55     , 10     
1158, 960542 , 465    , 448    , 47     , 57     , 10     
1159, 960592 , 465    , 448    , 47     , 57     , 10     
1160, 960642 , 461    , 446    , 49     , 57     , 10     
1161, 960692 , 461    , 446    , 49     , 57     , 10     
1162, 960742 , 438    , 426    , 52     , 58     , 10     
1163, 960792 , 438    , 426    , 52     , 58     , 10     
1164, 960842 , 363    , 355    , 69     , 74     , 10     
1165, 960892 , 363    , 355    , 69     , 74     , 10     
1166, 960942 , 366    , 361    , 120    , 120    , 10     
1167, 960992 , 366    , 361    , 120    , 120    , 10     
1168, 961042 , 380    , 375    , 119    , 117    , 10     
1169, 961092 , 380    , 375    , 119    , 117    , 10     
1170, 961142 , 403    , 390    , 110    , 109    , 10     
1171, 961192 , 403    , 390    , 110    , 109    , 10     
1172, 961242 , 421    , 411    , 94     , 99     , 10     
1173, 961292 , 421    , 411    , 94     , 99     , 10     
1174, 961342 , 435    , 420    , 81     , 84     , 10     
1175, 961392 , 435    , 420    , 81     , 84     , 10     
1176, 961442 , 450    , 436    , 71     , 78     , 10     
1177, 961492 , 450    , 436    , 71     , 78     , 10     
1178, 961542 , 460    , 445    , 60     , 67     , 10     
1179, 961592 , 460    , 445    , 60     , 67     , 10     
1180, 961642 , 466    , 453    , 52     , 60     , 10     
1181, 961692 , 466    , 453    , 52     , 60     , 10     
1182, 961742 , 463    , 455    , 48     , 54     , 10     
1183, 961792 , 463    , 455    , 48     , 54     , 10     
1184, 961842 , 463    , 453    , 50     , 54     , 10     
1185, 961892 , 463    , 453    , 50     , 54     , 10     
1186, 961942 , 403    , 390    , 49     , 54     , 10     
1187, 961992 , 403    , 390    , 49     , 54     , 10     
1188, 962042 , 360    , 356    , 96     , 103    , 10     
1189, 962092 , 360    , 356    , 96     , 103    , 10     
1190, 962142 , 373    , 363    , 120    , 120    , 10     
1191, 962192 , 373    , 363    , 120    , 120    , 10     
1192, 962242 , 393    , 383    , 112    , 116    , 10     
1193, 962292 , 393    , 383    , 112    , 116    , 10     
1194, 962342 , 410    , 396    , 98     , 103    , 10     
1195, 962392 , 410    , 396    , 98     , 103    , 10     
1196, 962442 , 428    , 413    , 86     , 95     , 10     
1197, 962492 , 428    , 413    , 86     , 95     , 10     
1198, 962542 , 445    , 428    , 73     , 83     , 10     
1199, 962592 , 445    , 428    , 73     , 83     , 10     
1200, 962642 , 456    , 441    , 60     , 72     , 10     
1201, 962692 , 456    , 441    , 60     , 72     , 10     
1202, 962742 , 460    , 446    , 52     , 63     , 10     
1203, 962792 , 460    , 446    , 52     , 63     , 10     
1204, 962842 , 463    , 453    , 49     , 59     , 10     
1205, 962892 , 463    , 453    , 49     , 59     , 10     
1206, 962942 , 460    , 453    , 46     , 54     , 10     
1207, 962992 , 460    , 453    , 46     , 54     , 10     
1208, 963042 , 460    , 450    , 49     , 54     , 10     
1209, 963092 , 460    , 450    , 49     , 54     , 10     
1210, 963142 , 363    , 353    , 48     , 57     , 10     
1211, 963192 , 363    , 353    , 48     , 57     , 10     
1212, 963242 , 365    , 356    , 120    , 120    , 10     
1213, 963292 , 365    , 356    , 120    , 120    , 10     
1214, 963342 , 373    , 363    , 120    , 120    , 10     
1215, 963392 , 373    , 363    , 120    , 120    , 10     
1216, 963442 , 391    , 380    , 115    , 116    , 10     
1217, 963492 , 391    , 380    , 115    , 116    , 10     
1218, 963542 , 408    , 398    , 103    , 105    , 10     
1219, 963592 , 408    , 398    , 103    , 105    , 10     
1220, 963642 , 430    , 413    , 91     , 93     , 10     
1221, 963692 , 430    , 413    , 91     , 93     , 10     
1222, 963742 , 441    , 425    , 75     , 83     , 10     
1223, 963792 , 441    , 425    , 75     , 83     , 10     
1224, 963842 , 455    , 440    , 67     , 75     , 10     
1225, 963892 , 455    , 440    , 67     , 75     , 10     
1226, 963942 , 461    , 450    , 67     , 64     , 10     
1227, 963992 , 461    , 450    , 67     , 64     , 10     
1228, 964042 , 463    , 451    , 52     , 56     , 10     
1229, 964092 , 463    , 451    , 52     , 56     , 10     
1230, 964142 , 463    , 455    , 50     , 56     , 10     
1231, 964192 , 463    , 455    , 50     , 56     , 10     
1232, 964242 , 468    , 455    , 50     , 56     , 10     
1233, 964292 , 468    , 455    , 50     , 56     , 10     
1234, 964342 , 456    , 438    , 46     , 56     , 10     
1235, 964392 , 456    , 438    , 46     , 56     , 10     
1236, 964442 , 370    , 365    , 55     , 66     , 10     
1237, 964492 , 370    , 365    , 55     , 66     , 10     
1238, 964542 , 371    , 363    , 120    , 120    , 10     
1239, 964592 , 371    , 363    , 120    , 120    , 10     
1240, 964642 , 386    , 375    , 120    , 120    , 10     
1241, 964692 , 386    , 375    , 120    , 120    , 10     
1242, 964742 , 400    , 393    , 110    , 112    , 10     
1243, 964792 , 400    , 393    , 110    , 112    , 10     
1244, 964842 , 420    , 406    , 100    , 100    , 10     
1245, 964892 , 420    , 406    , 100    , 100    , 10     
1246, 964942 , 436    , 421    , 86     , 92     , 10     
1247, 964992 , 436    , 421    , 86     , 92     , 10     
1248, 965042 , 453    , 435    , 74     , 81     , 10     
1249, 965092 , 453    , 435    , 74     , 81     , 10     
1250, 965142 , 460    , 450    , 62     , 71     , 10     
1251, 965192 , 460    , 450    , 62     , 71     , 10     
1252, 965242 , 468    , 451    , 56     , 60     , 10     
1253, 965292 , 468    , 451    , 56     , 60     , 10     
1254, 965342 , 473    , 458    , 50     , 59     , 10     
1255, 965392 , 473    , 458    , 50     , 59     , 10     
1256, 965442 , 418    , 410    , 46     , 54     , 10     
1257, 965492 , 418    , 410    , 46     , 54     , 10     
1258, 965542 , 373    , 363    , 88     , 91     , 10     
1259, 965592 , 373    , 363    , 88     , 91     , 10     
1260, 965642 , 380    , 366    , 120    , 120    , 10     
1261, 965692 , 380    , 366    , 120    , 120    , 10     
1262, 965742 , 395    , 386    , 116    , 119    , 10     
1263, 965792 , 395    , 386    , 116    , 119    , 10     
1264, 965842 , 418    , 401    , 106    , 106    , 10     
1265, 965892 , 418    , 401    , 106    , 106    , 10     
1266, 965942 , 431    , 416    , 89     , 96     , 10     
1267, 965992 , 431    , 416    , 89     , 96     , 10     
1268, 966042 , 448    , 428    , 80     , 86     , 10     
1269, 966092 , 448    , 428    , 80     , 86     , 10     
1270, 966142 , 460    , 445    , 67     , 77     , 10     
1271, 966192 , 460    , 445    , 67     , 77     , 10     
1272, 966242 , 466    , 453    , 58     , 65     , 10     
1273, 966292 , 466    , 453    , 58     , 65     , 10     
1274, 966342 , 473    , 458    , 53     , 59     , 10     
1275, 966392 , 473    , 458    , 53     , 59     , 10     
1276, 966442 , 470    , 460    , 48     , 55     , 10     
1277, 966492 , 470    , 460    , 48     , 55     , 10     
1278, 966542 , 471    , 460    , 50     , 53     , 10     
1279, 966592 , 471    , 460    , 50     , 53     , 10     
1280, 966642 , 465    , 455    , 48     , 53     , 10     
1281, 966692 , 465    , 455    , 48     , 53     , 10     
1282, 966742 , 366    , 353    , 53     , 53     , 10     
1283, 966792 , 366    , 353    , 53     , 53     , 10     
1284, 966842 , 370    , 361    , 120    , 120    , 10     
1285, 966892 , 370    , 361    , 120    , 120    , 10     
1286, 966942 , 376    , 361    , 118    , 116    , 10     
1287, 966992 , 376    , 361    , 118    , 116    , 10     
1288, 967042 , 395    , 380    , 116    , 118    , 10     
1289, 967092 , 395    , 380    , 116    , 118    , 10     
1290, 967142 , 415    , 398    , 103    , 105    , 10     
1291, 967192 , 415    , 398    , 103    , 105    , 10     
1292, 967242 , 431    , 413    , 89     , 93     , 10     
1293, 967292 , 431    , 413    , 89     , 93     , 10     
1294, 967342 , 446    , 426    , 77     , 83     , 10     
1295, 967392 , 446    , 426    , 77     , 83     , 10     
1296, 967442 , 460    , 440    , 66     , 74     , 10     
1297, 967492 , 460    , 440    , 66     , 74     , 10     
1298, 967542 , 461    , 446    , 55     , 64     , 10     
1299, 967592 , 461    , 446    , 55     , 64     , 10     
1300, 967642 , 470    , 451    , 54     , 60     , 10     
1301, 967692 , 470    , 451    , 54     , 60     , 10     
1302, 967742 , 463    , 455    , 47     , 56     , 10     
1303, 967792 , 463    , 455    , 47     , 56     , 10     
1304, 967842 , 466    , 453    , 52     , 56     , 10     
1305, 967892 , 466    , 453    , 52     , 56     , 10     
1306, 967942 , 470    , 451    , 50     , 54     , 10     
1307, 967992 , 470    , 451    , 50     , 54     , 10     
1308, 968042 , 461    , 451    , 46     , 56     , 10     
1309, 968092 , 461    , 451    , 46     , 56     , 10     
1310, 968142 , 465    , 450    , 53     , 56     , 10     
1311, 968192 , 465    , 450    , 53     , 56     , 10     
1312, 968242 , 363    , 355    , 50     , 57     , 10     
1313, 968292 , 363    , 355    , 50     , 57     , 10     
1314, 968342 , 366    , 358    , 120    , 120    , 10     
1315, 968392 , 366    , 358    , 120    , 120    , 10     
1316, 968442 , 371    , 360    , 119    , 120    , 10     
1317, 968492 , 371    , 360    , 119    , 120    , 10     
1318, 968542 , 386    , 380    , 118    , 120    , 10     
1319, 968592 , 386    , 380    , 118    , 120    , 10     
1320, 968642 , 410    , 398    , 108    , 106    , 10     
1321, 968692 , 410    , 398    , 108    , 106    , 10     
1322, 968742 , 426    , 408    , 91     , 94     , 10     
1323, 968792 , 426    , 408    , 91     , 94     , 10     
1324, 968842 , 441    , 426    , 79     , 88     , 10     
1325, 968892 , 441    , 426    , 79     , 88     , 10     
1326, 968942 , 453    , 436    , 68     , 75     , 10     
1327, 968992 , 453    , 436    , 68     , 75     , 10     
1328, 969042 , 463    , 451    , 59     , 68     , 10     
1329, 969092 , 463    , 451    , 59     , 68     , 10     
1330, 969142 , 463    , 453    , 51     , 57     , 10     
1331, 969192 , 463    , 453    , 51     , 57     , 10     
1332, 969242 , 466    , 451    , 51     , 55     , 10     
1333, 969292 , 466    , 451    , 51     , 55     , 10     
1334, 969342 , 466    , 455    , 49     , 57     , 10     
1335, 969392 , 466    , 455    , 49     , 57     , 10     
1336, 969442 , 463    , 455    , 48     , 57     , 10     
1337, 969492 , 463    , 455    , 48     , 57     , 10     
1338, 969542 , 466    , 451    , 50     , 57     , 10     
1339, 969592 , 466    , 451    , 50     , 57     , 10     
1340, 969642 , 466    , 455    , 48     , 57     , 10     
1341, 969692 , 466    , 455    , 48     , 57     , 10     
1342, 969742 , 463    , 453    , 48     , 57     , 10     
1343, 969792 , 463    , 453    , 48     , 57     , 10     
1344, 969842 , 460    , 448    , 50     , 55     , 10     
1345, 969892 , 460    , 448    , 50     , 55     , 10     
1346, 969942 , 463    , 450    , 52     , 59     , 10     
1347, 969992 , 463    , 450    , 52     , 59     , 10     
1348, 970042 , 461    , 451    , 49     , 58     , 10     
1349, 970092 , 461    , 451    , 49     , 58     , 10     
1350, 970142 , 463    , 450    , 51     , 57     , 10     
1351, 970192 , 463    , 450    , 51     , 57     , 10     
1352, 970242 , 461    , 450    , 49     , 58     , 10     
1353, 970292 , 461    , 450    , 49     , 58     , 10     
1354, 970342 , 461    , 450    , 50     , 58     , 10     
1355, 970392 , 461    , 450    , 50     , 58     , 10     
1356, 970442 , 461    , 450    , 50     , 58     , 10     
1357, 970492 , 461    , 450    , 50     , 58     , 10     
1358, 970542 , 461    , 450    , 50     , 59     , 10     
